time,latitude,longitude,depth,mag,magType,nst,gap,dmin,rms,net,id,updated,place,type,horizontalError,depthError,magError,magNst,status,locationSource,magSource
2024-12-10T17:36:02.180Z,39.800333333333,-124.4405,13.7,1.99,md,29,229,0.4308,0.26,nc,nc75101156,2024-12-19T12:52:17.994Z,"40 km WSW of Shelter Cove, CA",earthquake,0.9,1.96,0.173,18,reviewed,nc,nc
2024-12-10T13:01:07.270Z,40.3325,-124.792,5.82,4.17,mw,158,226,0.3465,0.32,nc,nc75101006,2025-02-18T20:02:53.040Z,"43 km WNW of Petrolia, CA",earthquake,0.69,0.91,,14,reviewed,nc,nc
2024-12-10T10:27:42.180Z,40.295333862305,-124.57216644287,-0.10999999940395,3.49,ml,41,262,,0.28,nc,nc75100956,2025-02-18T20:02:53.040Z,"25 km W of Petrolia, CA",earthquake,2.67,4.01999998,0.469,5,reviewed,nc,nc
2024-12-10T10:25:57.500Z,40.297166666667,-124.50616666667,7.74,3.65,mw,52,252,0.1254,0.18,nc,nc75100951,2025-02-18T20:02:53.040Z,"19 km W of Petrolia, CA",earthquake,0.52,0.4,,7,reviewed,nc,nc
2024-12-10T05:25:40.300Z,40.302333333333,-124.47383333333,7.64,2.22,md,35,261,0.1013,0.13,nc,nc75100676,2024-12-21T21:52:15.451Z,"16 km W of Petrolia, CA",earthquake,0.3,0.37,0.207,28,reviewed,nc,nc
2024-12-10T04:25:32.510Z,40.293833333333,-124.66566666667,18.27,2.52,md,47,261,0.2472,0.17,nc,nc75100646,2025-02-18T20:02:53.040Z,"32 km W of Petrolia, CA",earthquake,0.63,0.47,0.366,32,reviewed,nc,nc
2024-12-10T00:58:27.700Z,40.342166666667,-124.961,10.57,2.59,md,36,263,0.4759,0.2,nc,nc75100496,2024-12-20T22:52:24.021Z,"57 km WNW of Petrolia, CA",earthquake,3.92,3.19,0.184,21,reviewed,nc,nc
2024-12-10T00:56:21.010Z,40.311666666667,-124.72816666667,12.54,2.88,md,6,315,0.2958,0.05,nc,nc75100491,2025-02-18T20:02:52.040Z,"38 km W of Petrolia, CA",earthquake,6.84,1.83,0.186,15,reviewed,nc,nc
2024-12-10T00:56:04.850Z,40.384333333333,-125.029,9.85,2.92,md,68,247,0.5334,0.23,nc,nc75100486,2025-02-18T20:02:52.040Z,"63 km WNW of Petrolia, CA",earthquake,1.84,1.96,0.139,40,reviewed,nc,nc
2024-12-09T21:09:56.946Z,40.3614,-125.5477,10,2.6,ml,26,271,1.091,0.45,us,us7000nxe2,2025-02-18T20:02:52.040Z,"111 km WSW of Ferndale, California",earthquake,5.83,2.014,0.05,52,reviewed,us,us
2024-12-09T11:02:00.700Z,40.361833333333,-124.72483333333,19.9,3.04,ml,102,229,0.3013,0.17,nc,nc75100056,2025-02-18T20:02:51.040Z,"38 km WNW of Petrolia, CA",earthquake,0.71,0.42,0.217,23,reviewed,nc,nc
2024-12-09T08:35:49.640Z,40.420166015625,-124.78233337402,11.64999961853,3.56,ml,57,237,0.344,0.25,nc,nc75099986,2025-02-18T20:02:50.040Z,"43 km WNW of Petrolia, CA",earthquake,2.22,1.37,0.237,8,reviewed,nc,nc
2024-12-09T07:15:42.290Z,40.3485,-124.91766666667,10,3.95,mw,150,225,0.4438,0.26,nc,nc75099936,2025-02-18T20:02:50.040Z,"54 km WNW of Petrolia, CA",earthquake,0.52,31.61,,5,reviewed,nc,nc
2024-12-09T00:47:10.550Z,40.450833333333,-124.98716666667,0.37,3.48,ml,18,293,0.4963,0.13,nc,nc75099831,2025-02-18T20:02:48.040Z,"61 km WNW of Petrolia, CA",earthquake,4.96,7.55,0.161,52,reviewed,nc,nc
2024-12-08T16:23:14.410Z,40.372001647949,-124.95417022705,-0.070000000298023,4.26,mw,130,233,0.4749,0.2,nc,nc75099566,2025-02-15T18:31:02.040Z,"57 km WNW of Petrolia, CA",earthquake,0.66,2.22000003,,24,reviewed,nc,nc
2024-12-07T22:54:29.980Z,40.3585,-124.803,3.86,2.54,md,22,288,0.3589,0.13,nc,nc75099146,2024-12-19T20:07:17.904Z,"44 km WNW of Petrolia, CA",earthquake,0.71,0.8,0.078,10,reviewed,nc,nc
2024-12-07T19:54:28.240Z,40.30016708374,-124.47666931152,7.5199999809265,3.47,mw,27,262,0.1032,0.12,nc,nc75098996,2025-02-15T18:30:49.040Z,"16 km W of Petrolia, CA",earthquake,1.31,0.479999989,,4,reviewed,nc,nc
2024-12-07T14:49:09.050Z,40.305833333333,-124.4725,9.65,2.54,md,25,261,0.1009,0.1,nc,nc75098796,2024-12-19T11:12:17.280Z,"16 km W of Petrolia, CA",earthquake,0.49,0.29,0.111,31,reviewed,nc,nc
2024-12-07T13:17:22.100Z,40.311166666667,-124.46833333333,8.6,2.42,md,26,261,0.09881,0.1,nc,nc75098756,2024-12-19T09:37:15.608Z,"16 km W of Petrolia, CA",earthquake,0.37,0.33,0.118,32,reviewed,nc,nc
2024-12-07T12:31:18.320Z,40.359833333333,-124.66716666667,20.78,2.73,md,68,236,0.2582,0.16,nc,nc75098731,2024-12-19T09:22:14.502Z,"33 km WNW of Petrolia, CA",earthquake,0.69,0.34,0.173,51,reviewed,nc,nc
2024-12-07T11:27:39.960Z,40.309166666667,-124.49033333333,10.13,2.49,md,34,261,0.1149,0.11,nc,nc75098681,2024-12-19T08:42:18.208Z,"17 km W of Petrolia, CA",earthquake,0.61,0.39,0.169,30,reviewed,nc,nc
2024-12-07T10:31:54.760Z,40.383833333333,-124.7855,24.12,2.41,md,48,265,0.3517,0.13,nc,nc75098656,2024-12-19T08:27:18.102Z,"43 km WNW of Petrolia, CA",earthquake,1.68,5.18,0.187,34,reviewed,nc,nc
2024-12-07T10:30:56.860Z,40.308666666667,-124.422,8.9,2.21,md,33,248,0.06401,0.08,nc,nc75098651,2024-12-19T08:12:15.992Z,"12 km W of Petrolia, CA",earthquake,0.4,0.22,0.183,30,reviewed,nc,nc
2024-12-07T09:43:22.970Z,40.348499298096,-124.94149780273,0.38999998569488,3.78,mw,58,248,0.4618,0.25,nc,nc75098631,2025-02-15T18:30:43.040Z,"56 km WNW of Petrolia, CA",earthquake,2.06,4.01999998,,5,reviewed,nc,nc
2024-12-07T04:58:46.680Z,40.3305,-124.901,7.1,2.64,md,54,247,0.4291,0.23,nc,nc75098446,2024-12-19T01:57:16.517Z,"52 km WNW of Petrolia, CA",earthquake,0.75,1.31,0.181,35,reviewed,nc,nc
2024-12-07T04:41:32.720Z,40.311166666667,-124.47216666667,7.96,1.57,md,22,262,0.1017,0.14,nc,nc75098436,2024-12-19T01:42:15.417Z,"16 km W of Petrolia, CA",earthquake,0.51,0.4,0.033,10,reviewed,nc,nc
2024-12-07T03:58:07.770Z,40.265666666667,-124.7735,10.36,1.96,md,25,298,0.3305,0.15,nc,nc75098396,2024-12-18T22:22:16.631Z,"42 km W of Petrolia, CA",earthquake,1.42,1.4,0.168,15,reviewed,nc,nc
2024-12-07T03:34:06.640Z,40.338666666667,-124.80133333333,10.28,2.22,md,30,283,0.3543,0.29,nc,nc75098386,2024-12-19T00:17:16.870Z,"44 km WNW of Petrolia, CA",earthquake,1.22,1.31,0.183,17,reviewed,nc,nc
2024-12-07T03:20:58.120Z,40.2945,-124.43716666667,8.4,2.11,md,25,251,0.07259,0.11,nc,nc75098376,2024-12-18T23:47:18.658Z,"13 km W of Petrolia, CA",earthquake,0.75,0.48,0.108,15,reviewed,nc,nc
2024-12-07T02:49:50.080Z,40.296166666667,-124.51066666667,19.84,1.82,md,20,269,0.1288,0.08,nc,nc75098346,2024-12-18T23:17:20.452Z,"19 km W of Petrolia, CA",earthquake,0.77,0.32,0.121,14,reviewed,nc,nc
2024-12-07T02:44:04.010Z,40.308,-124.87883333333,10,2.07,md,24,290,0.4106,0.29,nc,nc75098341,2024-12-18T22:57:16.301Z,"50 km W of Petrolia, CA",earthquake,1.13,31.61,0.114,14,reviewed,nc,nc
2024-12-07T02:20:18.850Z,40.314166666667,-124.82933333333,5.88,2.58,md,50,255,0.3731,0.25,nc,nc75098331,2025-06-18T18:56:48.239Z,"46 km W of Petrolia, CA",earthquake,0.61,0.95,0.268,35,reviewed,nc,nc
2024-12-07T01:02:17.970Z,40.425333333333,-124.42516666667,17.87,1.44,md,18,239,0.1003,0.2,nc,nc75098251,2025-06-18T19:04:20.478Z,"16 km NW of Petrolia, CA",earthquake,1.44,0.62,0.15,10,reviewed,nc,nc
2024-12-07T00:37:21.450Z,40.3475,-124.91833333333,9.02,2.49,md,45,247,0.4442,0.19,nc,nc75098206,2025-06-18T20:29:15.346Z,"54 km WNW of Petrolia, CA",earthquake,1.8,2.57,0.303,36,reviewed,nc,nc
2024-12-06T23:21:12.160Z,40.306,-124.47833333333,9.26,2.52,md,29,259,0.1053,0.09,nc,nc75098146,2025-06-18T21:16:59.421Z,"17 km W of Petrolia, CA",earthquake,0.91,0.32,0.108,26,reviewed,nc,nc
2024-12-06T23:02:36.190Z,40.403167724609,-124.84883117676,1.8999999761581,3.62,mw,74,243,0.3969,0.26,nc,nc75098131,2025-02-19T03:58:24.419Z,"49 km WNW of Petrolia, CA",earthquake,1.73,2.74000001,,5,reviewed,nc,nc
2024-12-06T22:20:54.650Z,40.311166666667,-124.477,9.17,2.05,md,22,262,0.1053,0.09,nc,nc75098101,2025-06-18T22:28:22.126Z,"16 km W of Petrolia, CA",earthquake,1.08,0.39,0.126,21,reviewed,nc,nc
2024-12-06T21:49:21.930Z,40.299835205078,-124.48483276367,8.6099996566772,3.66,mw,31,263,0.1094,0.12,nc,nc75098061,2025-02-15T18:30:33.040Z,"17 km W of Petrolia, CA",earthquake,1.28,0.439999998,,5,reviewed,nc,nc
2024-12-06T21:31:17.350Z,40.232666666667,-124.69033333333,8.03,2.33,md,22,277,0.2719,0.2,nc,nc75098051,2025-06-18T22:38:55.453Z,"36 km W of Petrolia, CA",earthquake,1.17,1.55,0.437,18,reviewed,nc,nc
2024-12-06T20:05:18.470Z,40.310333251953,-124.48566436768,9.8900003433228,3.71,mw,28,264,0.1116,0.09,nc,nc75097991,2025-02-15T18:30:31.040Z,"17 km W of Petrolia, CA",earthquake,1.07,0.379999995,,8,reviewed,nc,nc
2024-12-06T20:01:06.780Z,40.288833333333,-124.51083333333,7.27,4.04,mw,51,248,0.1287,0.21,nc,nc75097986,2025-02-15T18:30:31.040Z,"20 km W of Petrolia, CA",earthquake,0.7,0.5,,19,reviewed,nc,nc
2024-12-06T16:38:19.788Z,40.4938,-124.8609,10,2.4,ml,7,275,0.57,0.61,us,us7000nwmf,2025-02-15T18:28:07.040Z,"51 km W of Ferndale, California",earthquake,4.16,2.028,0.055,44,reviewed,us,us
2024-12-06T15:50:23.470Z,40.341667175293,-124.95133209228,-0.079999998211861,3.9,mw,84,234,0.4685,0.34,nc,nc75097781,2025-02-15T18:30:27.040Z,"57 km WNW of Petrolia, CA",earthquake,1.68,4.32999992,,5,reviewed,nc,nc
2024-12-06T14:58:22.340Z,40.308,-124.7335,3.71,4.22,mw,108,230,0.2996,0.25,nc,nc75097711,2025-02-15T18:30:26.040Z,"38 km W of Petrolia, CA",earthquake,0.7,0.87,,8,reviewed,nc,nc
2024-12-06T14:36:13.410Z,40.340000152588,-124.91449737549,-0.059999998658895,3.97,mw,101,241,0.4403,0.28,nc,nc75097691,2025-02-15T18:30:25.040Z,"53 km WNW of Petrolia, CA",earthquake,1.24,3.23000002,,5,reviewed,nc,nc
2024-12-06T13:07:39.860Z,40.349166870117,-124.9811630249,2.3599998950958,3.71,mw,122,234,0.492,0.24,nc,nc75097611,2025-02-15T18:30:24.040Z,"59 km WNW of Petrolia, CA",earthquake,0.91,2.17000008,,4,reviewed,nc,nc
2024-12-06T13:01:52.090Z,40.328333333333,-124.8665,7.73,2.96,md,89,231,0.4026,0.24,nc,nc75097606,2025-02-15T18:30:24.040Z,"49 km WNW of Petrolia, CA",earthquake,0.55,0.93,0.198,61,reviewed,nc,nc
2024-12-06T11:56:08.260Z,40.385665893555,-124.97299957275,0.46999999880791,3.82,mw,104,244,0.4916,0.21,nc,nc75097556,2025-02-15T18:30:22.040Z,"59 km WNW of Petrolia, CA",earthquake,1.06,2.54999995,,5,reviewed,nc,nc
2024-12-06T08:38:53.550Z,40.336333333333,-124.97666666667,3.31,2.64,md,16,326,0.4872,0.16,nc,nc75097396,2025-09-29T16:10:27.999Z,"59 km W of Petrolia, CA",earthquake,1.42,1.21,0.193,24,reviewed,nc,nc
2024-12-06T07:06:02.890Z,40.282333333333,-124.46683333333,19.97,2.61,md,31,257,0.09524,0.13,nc,nc75097276,2025-09-29T15:55:30.144Z,"16 km WSW of Petrolia, CA",earthquake,0.79,0.27,0.178,31,reviewed,nc,nc
2024-12-06T07:01:51.070Z,40.3105,-124.706,5.98,4.15,mw,100,222,0.2788,0.26,nc,nc75097271,2025-02-15T18:30:18.040Z,"36 km W of Petrolia, CA",earthquake,0.83,0.71,,14,reviewed,nc,nc
2024-12-06T06:56:02.200Z,40.499833333333,-125.53633333333,9.62,2.62,md,18,320,0.9147,0.13,nc,nc75097261,2025-09-29T00:19:57.395Z,"108 km W of Petrolia, CA",earthquake,10.21,31.61,0.249,33,reviewed,nc,nc
2024-12-06T05:13:50.770Z,40.454833333333,-124.54966666667,18.55,3.85,mw,58,235,0.1632,0.16,nc,nc75097181,2025-02-15T18:30:15.040Z,"27 km NW of Petrolia, CA",earthquake,0.62,0.25,,7,reviewed,nc,nc
2024-12-06T04:52:49.860Z,40.341333333333,-124.887,7.34,2.64,md,18,302,0.4196,0.24,nc,nc75097156,2025-09-01T22:41:20.504Z,"51 km W of Petrolia, CA",earthquake,1.78,1.62,0.17,13,reviewed,nc,nc
2024-12-06T04:51:24.000Z,40.305333333333,-125.05216666667,4.6,2.73,md,17,310,0.543,0.16,nc,nc75097151,2025-09-01T20:36:37.823Z,"65 km W of Petrolia, CA",earthquake,6.73,6.19,0.379,15,reviewed,nc,nc
2024-12-06T04:24:14.750Z,40.36283493042,-125.03350067139,0.15000000596046,3.75,mw,41,266,0.5334,0.39,nc,nc75097131,2025-02-15T18:30:14.040Z,"64 km WNW of Petrolia, CA",earthquake,3.9,9.11999989,,6,reviewed,nc,nc
2024-12-06T03:32:10.450Z,40.368166666667,-124.9965,1.17,3.72,mw,105,238,0.5062,0.15,nc,nc75097086,2025-02-15T18:30:14.040Z,"60 km WNW of Petrolia, CA",earthquake,0.87,2.25,,3,reviewed,nc,nc
2024-12-06T03:14:33.990Z,40.359333333333,-125.06133333333,-0.17,3.91,mw,78,245,0.554,0.28,nc,nc75097046,2025-02-15T18:30:13.040Z,"66 km WNW of Petrolia, CA",earthquake,1.72,4.92,,4,reviewed,nc,nc
2024-12-06T03:05:33.840Z,40.346,-124.80966666667,11.84,2,md,14,298,0.3617,0.25,nc,nc75097031,2025-09-01T20:25:03.330Z,"45 km W of Petrolia, CA",earthquake,8.75,4.89,0.182,11,reviewed,nc,nc
2024-12-06T03:03:44.580Z,40.3075,-124.413,8.98,1.57,md,20,246,0.05712,0.13,nc,nc75097026,2025-09-01T20:16:29.580Z,"11 km W of Petrolia, CA",earthquake,0.98,0.33,0.191,14,reviewed,nc,nc
2024-12-06T02:55:22.990Z,40.368666666667,-124.56733333333,33.96,2.36,md,11,274,0.2054,0.16,nc,nc75097016,2025-09-01T20:02:24.209Z,"24 km WNW of Petrolia, CA",earthquake,9.43,1.91,0.062,6,reviewed,nc,nc
2024-12-06T01:47:51.400Z,40.384,-124.6385,16.28,2.35,md,25,280,0.2425,0.1,nc,nc75096941,2025-08-25T02:18:51.212Z,"31 km WNW of Petrolia, CA",earthquake,0.92,0.35,0.167,13,reviewed,nc,nc
2024-12-06T01:46:44.170Z,40.317166666667,-124.483,11.76,1.45,md,18,265,0.1111,0.15,nc,nc75096936,2025-08-24T22:59:17.174Z,"17 km W of Petrolia, CA",earthquake,1.59,0.53,0.329,10,reviewed,nc,nc
2024-12-06T01:44:30.580Z,40.3715,-125.02616666667,0.92,2.95,md,45,251,0.5291,0.21,nc,nc75096931,2025-08-24T22:26:06.522Z,"63 km WNW of Petrolia, CA",earthquake,2.38,4.96,0.143,42,reviewed,nc,nc
2024-12-06T00:07:34.610Z,40.273666666667,-124.83516666667,-0.14,1.9,md,16,305,0.3771,0.19,nc,nc75096781,2025-08-24T22:20:04.259Z,"47 km W of Petrolia, CA",earthquake,0.92,1.29,0.098,12,reviewed,nc,nc
2024-12-06T00:00:53.370Z,40.356,-124.80883333333,18.04,2.45,md,25,282,0.3628,0.16,nc,nc75096776,2025-08-24T21:58:26.556Z,"45 km WNW of Petrolia, CA",earthquake,2.13,1.09,0.378,12,reviewed,nc,nc
2024-12-05T23:54:00.590Z,40.373,-124.9015,2.86,2.86,md,26,289,0.4355,0.16,nc,nc75096766,2025-08-24T21:39:20.200Z,"53 km WNW of Petrolia, CA",earthquake,0.69,1.51,0.182,17,reviewed,nc,nc
2024-12-05T23:34:42.890Z,40.469833333333,-125.10333333333,10,3.2,ml,25,274,0.5843,0.18,nc,nc75003203,2025-05-03T20:18:46.108Z,"71 km WNW of Petrolia, CA",earthquake,1.5,31.61,0.166,20,reviewed,nc,nc
2024-12-05T23:34:32.620Z,40.331666666667,-124.78766666667,14.5,2.64,md,43,243,0.3431,0.17,nc,nc75096726,2025-05-03T20:13:13.909Z,"43 km WNW of Petrolia, CA",earthquake,0.49,0.83,0.346,5,reviewed,nc,nc
2024-12-05T23:33:25.930Z,40.388833333333,-125.00816666667,10,3.03,ml,98,247,0.5185,0.34,nc,nc75096721,2025-05-03T19:06:28.591Z,"62 km WNW of Petrolia, CA",earthquake,0.73,31.61,0.117,35,reviewed,nc,nc
2024-12-05T23:31:24.980Z,40.401166666667,-125.01083333333,10,2.94,ml,72,250,0.5193,0.35,nc,nc75096711,2025-05-03T18:19:15.691Z,"62 km WNW of Petrolia, CA",earthquake,0.82,31.61,0.16,26,reviewed,nc,nc
2024-12-05T23:30:30.930Z,40.376333333333,-124.91316666667,16.51,3.09,ml,83,239,0.4449,0.25,nc,nc75096716,2025-02-15T18:31:55.040Z,"54 km WNW of Petrolia, CA",earthquake,0.52,0.8,0.238,6,reviewed,nc,nc
2024-12-05T23:26:58.610Z,40.356833333333,-124.86283333333,13.26,2.73,md,69,240,0.4036,0.28,nc,nc75096706,2025-02-06T10:48:20.704Z,"49 km WNW of Petrolia, CA",earthquake,0.86,1.2,0.186,46,reviewed,nc,nc
2024-12-05T23:24:09.540Z,40.326166666667,-124.817,13.19,1.99,md,25,279,0.3647,0.19,nc,nc75096701,2025-02-06T09:52:05.710Z,"45 km WNW of Petrolia, CA",earthquake,0.82,1.23,0.108,12,reviewed,nc,nc
2024-12-05T23:21:33.110Z,40.3005,-124.573,20.71,1.97,md,13,288,0.1766,0.07,nc,nc75002273,2025-02-06T09:28:29.423Z,"25 km W of Petrolia, CA",earthquake,0.77,0.52,0.145,8,reviewed,nc,nc
2024-12-05T23:21:14.170Z,40.2895,-124.801,6.12,1.93,md,21,303,0.3507,0.28,nc,nc75096696,2025-02-06T09:24:28.441Z,"44 km W of Petrolia, CA",earthquake,1.24,0.82,0.159,12,reviewed,nc,nc
2024-12-05T23:17:37.010Z,40.379,-124.996,10,4.17,mw,133,228,0.5076,0.24,nc,nc75096691,2025-02-15T18:30:08.040Z,"61 km WNW of Petrolia, CA",earthquake,0.69,31.61,,8,reviewed,nc,nc
2024-12-05T23:16:23.630Z,40.390666666667,-124.92133333333,13.8,3.39,ml,81,242,0.4537,0.24,nc,nc75096681,2025-02-15T18:30:07.040Z,"54 km WNW of Petrolia, CA",earthquake,0.75,1.83,0.202,59,reviewed,nc,nc
2024-12-05T23:16:05.840Z,40.307833333333,-124.42216666667,9.63,1.54,md,15,249,0.06387,0.08,nc,nc75096676,2025-02-06T09:17:25.962Z,"12 km W of Petrolia, CA",earthquake,0.47,0.35,0.11,9,reviewed,nc,nc
2024-12-05T23:13:50.230Z,40.406333333333,-124.89266666667,14.93,3.2,ml,23,278,0.4293,0.18,nc,nc75096661,2025-02-06T09:14:25.120Z,"52 km WNW of Petrolia, CA",earthquake,3.62,2.12,0.208,18,reviewed,nc,nc
2024-12-05T23:13:43.150Z,40.334666666667,-124.76916666667,10.04,3.09,ml,83,236,0.3294,0.26,nc,nc75096666,2025-02-15T18:30:06.040Z,"41 km WNW of Petrolia, CA",earthquake,1.93,1.31,0.188,4,reviewed,nc,nc
2024-12-05T23:12:34.310Z,40.289,-124.61066666667,18.54,1.85,md,20,284,0.2325,0.1,nc,nc75096656,2024-12-17T21:27:16.220Z,"28 km W of Petrolia, CA",earthquake,0.81,0.59,0.11,11,reviewed,nc,nc
2024-12-05T23:07:20.690Z,40.2975,-124.37183333333,19.59,2.1,md,17,240,0.02413,0.09,nc,nc75096646,2024-12-17T23:07:16.892Z,"8 km WSW of Petrolia, CA",earthquake,0.69,0.3,0.103,11,reviewed,nc,nc
2024-12-05T23:06:50.640Z,40.356666666667,-124.8635,10,2.77,md,64,244,0.4041,0.21,nc,nc75096651,2024-12-17T22:32:15.657Z,"49 km WNW of Petrolia, CA",earthquake,0.66,31.61,0.218,42,reviewed,nc,nc
2024-12-05T23:05:14.590Z,40.292333333333,-124.43083333333,8.83,2.49,md,29,250,0.06761,0.19,nc,nc75096641,2024-12-17T22:17:18.566Z,"13 km W of Petrolia, CA",earthquake,0.57,0.37,0.065,14,reviewed,nc,nc
2024-12-05T23:04:27.140Z,40.358,-125.03066666667,3.7,2.85,md,79,250,0.5306,0.29,nc,nc75096636,2025-02-07T16:33:08.453Z,"63 km WNW of Petrolia, CA",earthquake,0.64,1.13,0.195,15,reviewed,nc,nc
2024-12-05T23:01:30.590Z,40.299666666667,-124.52566666667,21.3,2.7,md,41,249,0.1405,0.16,nc,nc75096626,2024-12-17T22:07:16.499Z,"21 km W of Petrolia, CA",earthquake,0.7,0.28,0.102,44,reviewed,nc,nc
2024-12-05T22:59:14.240Z,40.421666666667,-125.03416666667,9.31,2.85,md,91,244,0.5344,0.21,nc,nc75096616,2025-02-06T07:52:33.001Z,"64 km WNW of Petrolia, CA",earthquake,0.68,1.51,0.172,60,reviewed,nc,nc
2024-12-05T22:57:19.550Z,40.360333333333,-124.71333333333,17.75,2.2,md,29,262,0.2924,0.24,nc,nc75096611,2025-02-06T07:38:29.116Z,"37 km WNW of Petrolia, CA",earthquake,1,0.7,0.158,21,reviewed,nc,nc
2024-12-05T22:55:58.000Z,40.378166666667,-124.983,6.75,2.83,md,93,241,0.4977,0.27,nc,nc75096606,2025-02-06T07:19:53.879Z,"59 km WNW of Petrolia, CA",earthquake,0.85,2.01,0.135,63,reviewed,nc,nc
2024-12-05T22:49:04.770Z,40.347833333333,-124.87116666667,8.29,2.92,ml,25,290,0.4085,0.27,nc,nc75096591,2025-02-15T18:31:54.040Z,"50 km WNW of Petrolia, CA",earthquake,1.62,1.89,0.165,28,reviewed,nc,nc
2024-12-05T22:48:41.890Z,40.315666666667,-124.49833333333,10.07,2.62,md,22,261,0.1222,0.06,nc,nc75096586,2024-12-17T21:32:15.256Z,"18 km W of Petrolia, CA",earthquake,0.98,0.37,0.359,13,reviewed,nc,nc
2024-12-05T22:45:13.970Z,40.369666666667,-125.019,0.02,3.48,ml,107,235,0.5234,0.19,nc,nc75096581,2025-02-15T18:30:05.040Z,"62 km WNW of Petrolia, CA",earthquake,0.71,2.5,0.178,67,reviewed,nc,nc
2024-12-05T22:41:24.180Z,40.312833333333,-124.6355,20.33,2.86,ml,71,232,0.2253,0.19,nc,nc75096576,2025-02-15T18:30:05.040Z,"30 km W of Petrolia, CA",earthquake,0.39,0.23,0.182,22,reviewed,nc,nc
2024-12-05T22:37:57.740Z,40.294666666667,-124.53216666667,15.04,1.87,md,29,265,0.1451,0.17,nc,nc75096566,2025-02-06T00:01:52.172Z,"21 km W of Petrolia, CA",earthquake,0.51,0.35,0.163,16,reviewed,nc,nc
2024-12-05T22:36:29.840Z,40.307333333333,-124.6485,17.3,2.03,md,36,247,0.2347,0.18,nc,nc75096561,2025-02-05T23:54:19.862Z,"31 km W of Petrolia, CA",earthquake,0.47,0.52,0.234,23,reviewed,nc,nc
2024-12-05T22:30:30.860Z,40.299666666667,-124.56066666667,20.16,1.75,md,13,294,0.1672,0.11,nc,nc75002263,2025-02-05T23:44:17.216Z,"24 km W of Petrolia, CA",earthquake,0.53,0.48,0.196,8,reviewed,nc,nc
2024-12-05T22:30:08.790Z,40.6625,-125.01933333333,23.44,2.33,md,45,257,0.552,0.18,nc,nc75096556,2025-02-05T23:39:15.464Z,"64 km WNW of Ferndale, CA",earthquake,1.9,11.06,0.28,22,reviewed,nc,nc
2024-12-05T22:28:29.600Z,40.281333333333,-124.80816666667,5.75,2,md,22,288,0.3562,0.22,nc,nc75096551,2025-02-05T19:45:41.726Z,"45 km W of Petrolia, CA",earthquake,0.66,1.34,0.077,11,reviewed,nc,nc
2024-12-05T22:27:05.480Z,40.368833333333,-124.85866666667,12.1,2.8,md,64,242,0.4026,0.36,nc,nc75096541,2024-12-17T20:32:14.837Z,"49 km WNW of Petrolia, CA",earthquake,0.71,0.96,0.14,42,reviewed,nc,nc
2024-12-05T22:22:54.620Z,40.305,-124.555,8.16,2.45,md,34,250,0.1633,0.15,nc,nc75096536,2024-12-17T19:52:18.577Z,"23 km W of Petrolia, CA",earthquake,0.52,0.48,0.11,25,reviewed,nc,nc
2024-12-05T22:20:56.520Z,40.3645,-124.9195,8.27,2.54,md,40,277,0.4475,0.35,nc,nc75096526,2025-02-05T12:47:27.107Z,"54 km WNW of Petrolia, CA",earthquake,1.09,1.64,0.264,40,reviewed,nc,nc
2024-12-05T22:20:11.800Z,40.329333333333,-124.82766666667,23.78,2.52,md,53,242,0.3732,0.23,nc,nc75096531,2025-02-05T12:21:20.082Z,"46 km WNW of Petrolia, CA",earthquake,1,9.65,0.301,36,reviewed,nc,nc
2024-12-05T22:19:27.500Z,40.3165,-124.57166666667,15.05,1.81,md,16,289,0.1774,0.13,nc,nc75096521,2025-02-05T12:13:17.490Z,"24 km W of Petrolia, CA",earthquake,0.82,0.86,0.137,8,reviewed,nc,nc
2024-12-05T22:19:01.610Z,40.2785,-124.7525,-0.28,2,md,20,291,0.3137,0.28,nc,nc75096516,2025-02-05T11:19:02.419Z,"40 km W of Petrolia, CA",earthquake,1.75,1.8,0.25,13,reviewed,nc,nc
2024-12-05T22:14:53.530Z,40.303833333333,-124.58716666667,21.23,2.74,md,49,240,0.1877,0.2,nc,nc75096506,2025-02-05T11:03:58.346Z,"26 km W of Petrolia, CA",earthquake,0.72,0.27,0.19,52,reviewed,nc,nc
2024-12-05T22:14:23.030Z,40.547,-124.656,14.43,1.98,md,9,283,0.2531,0.05,nc,nc75002258,2025-02-05T12:07:16.128Z,"33 km W of Ferndale, CA",earthquake,1.3,1.13,0.303,7,reviewed,nc,nc
2024-12-05T22:14:08.970Z,40.318833333333,-124.82933333333,13.55,2.3,md,11,318,0.3735,0.07,nc,nc75096511,2025-02-05T11:58:12.881Z,"46 km W of Petrolia, CA",earthquake,1.01,1.04,0.213,7,reviewed,nc,nc
2024-12-05T22:12:40.100Z,40.383333333333,-124.92833333333,22,2.44,md,52,260,0.4577,0.22,nc,nc75096501,2025-02-05T10:51:25.041Z,"55 km WNW of Petrolia, CA",earthquake,2.69,6.58,0.288,37,reviewed,nc,nc
2024-12-05T22:10:48.800Z,40.301333333333,-124.52,7.12,2.11,md,32,265,0.1363,0.15,nc,nc75096496,2024-12-17T19:12:14.310Z,"20 km W of Petrolia, CA",earthquake,0.46,0.56,0.132,18,reviewed,nc,nc
2024-12-05T22:06:12.560Z,40.367,-125.0035,10,3.12,ml,119,235,0.5113,0.24,nc,nc75096486,2025-02-15T18:30:04.040Z,"61 km WNW of Petrolia, CA",earthquake,0.82,31.61,0.17,12,reviewed,nc,nc
2024-12-05T22:04:23.870Z,40.2925,-124.55616666667,8.8,3.32,ml,55,237,0.1634,0.19,nc,nc75096481,2025-02-15T18:30:04.040Z,"23 km W of Petrolia, CA",earthquake,0.32,0.44,0.122,31,reviewed,nc,nc
2024-12-05T22:02:53.980Z,40.298333333333,-124.47283333333,17.51,1.8,md,19,269,0.1001,0.13,nc,nc75096476,2025-02-05T10:43:52.409Z,"16 km W of Petrolia, CA",earthquake,0.7,0.4,0.093,11,reviewed,nc,nc
2024-12-05T22:02:18.040Z,40.3665,-124.85416666667,14.88,2.29,md,44,264,0.3988,0.24,nc,nc75096471,2025-02-05T10:29:48.899Z,"48 km WNW of Petrolia, CA",earthquake,0.77,1.32,0.178,23,reviewed,nc,nc
2024-12-05T21:58:31.850Z,40.3145,-124.869,14.8,2.21,md,26,276,0.4034,0.11,nc,nc75096466,2025-02-04T00:59:02.360Z,"50 km W of Petrolia, CA",earthquake,0.61,0.93,0.172,16,reviewed,nc,nc
2024-12-05T21:57:37.370Z,40.432833333333,-124.806,11.06,2.25,md,49,247,0.36,0.24,nc,nc75096461,2025-02-03T08:08:39.077Z,"46 km WNW of Petrolia, CA",earthquake,1.5,1.24,0.179,24,reviewed,nc,nc
2024-12-05T21:55:02.120Z,40.348166666667,-124.9645,1.36,2.85,md,50,249,0.4792,0.14,nc,nc75096451,2025-02-15T18:31:31.040Z,"58 km WNW of Petrolia, CA",earthquake,1.28,2.96,0.209,34,reviewed,nc,nc
2024-12-05T21:52:56.820Z,40.407333333333,-124.92033333333,5.39,2.95,md,20,303,0.45,0.21,nc,nc75096446,2025-02-15T18:30:03.040Z,"55 km WNW of Petrolia, CA",earthquake,0.85,1.69,0.134,59,reviewed,nc,nc
2024-12-05T21:47:12.800Z,40.343833333333,-124.91966666667,10,3.99,ml,167,225,0.4447,0.27,nc,nc75096436,2025-02-15T18:30:03.040Z,"54 km WNW of Petrolia, CA",earthquake,0.67,31.61,0.138,114,reviewed,nc,nc
2024-12-05T21:43:19.640Z,40.324166666667,-124.8415,12.47,2.27,md,45,255,0.3832,0.3,nc,nc75001768,2025-02-03T07:45:01.313Z,"47 km WNW of Petrolia, CA",earthquake,0.84,1.51,0.229,25,reviewed,nc,nc
2024-12-05T21:40:30.090Z,40.312833333333,-124.95566666667,14.66,2.91,md,15,322,0.4695,0.22,nc,nc75096426,2025-02-03T07:33:27.562Z,"57 km W of Petrolia, CA",earthquake,2.04,1.07,0.283,10,reviewed,nc,nc
2024-12-05T21:40:02.310Z,40.365,-125.01816666667,11.42,2.83,md,19,308,0.5221,0.14,nc,nc75096621,2025-02-15T18:30:10.040Z,"62 km WNW of Petrolia, CA",earthquake,0.95,1.62,0.419,13,reviewed,nc,nc
2024-12-05T21:35:46.820Z,40.290666666667,-124.53216666667,20.08,2.39,md,42,236,0.145,0.16,nc,nc75096416,2024-12-17T17:52:18.738Z,"21 km W of Petrolia, CA",earthquake,0.74,0.26,0.145,29,reviewed,nc,nc
2024-12-05T21:34:49.100Z,40.3135,-124.60266666667,20.82,2.5,md,44,241,0.2005,0.21,nc,nc75096411,2025-02-15T18:28:11.040Z,"27 km W of Petrolia, CA",earthquake,1.12,0.39,0.193,36,reviewed,nc,nc
2024-12-05T21:33:51.080Z,40.3095,-124.79083333333,1.75,2.04,md,18,290,0.3435,0.38,nc,nc75096421,2025-02-03T07:15:52.779Z,"43 km W of Petrolia, CA",earthquake,1.9,3.29,0.12,14,reviewed,nc,nc
2024-12-05T21:31:51.410Z,40.307,-124.64216666667,19.42,2.87,md,77,226,0.2299,0.19,nc,nc75096406,2025-02-15T18:30:02.040Z,"30 km W of Petrolia, CA",earthquake,0.92,0.5,0.135,62,reviewed,nc,nc
2024-12-05T21:28:43.110Z,40.382,-124.82133333333,6.35,2.14,md,32,250,0.3777,0.37,nc,nc75096401,2025-02-03T06:49:15.548Z,"46 km WNW of Petrolia, CA",earthquake,1.17,2.06,0.113,15,reviewed,nc,nc
2024-12-05T21:16:50.120Z,40.380333333333,-124.77566666667,7.57,2.84,md,86,234,0.3435,0.34,nc,nc75096361,2025-02-03T06:08:14.520Z,"42 km WNW of Petrolia, CA",earthquake,0.56,0.88,0.17,59,reviewed,nc,nc
2024-12-05T21:11:46.740Z,40.482166666667,-124.794,5.78,2.64,md,38,272,0.3483,0.27,nc,nc75096351,2025-02-03T05:42:58.082Z,"46 km W of Ferndale, CA",earthquake,1.21,1.34,0.197,38,reviewed,nc,nc
2024-12-05T21:11:00.750Z,40.389166666667,-124.91983333333,23.96,2.6,md,32,277,0.4526,0.24,nc,nc75096356,2025-02-03T05:29:23.765Z,"54 km WNW of Petrolia, CA",earthquake,1.19,14.28,0.194,26,reviewed,nc,nc
2024-12-05T21:08:34.020Z,40.3585,-125.02,0.65,3.35,ml,109,235,0.5226,0.19,nc,nc75096346,2025-02-03T01:00:46.600Z,"62 km WNW of Petrolia, CA",earthquake,0.79,3.5,0.226,32,reviewed,nc,nc
2024-12-05T21:08:28.175Z,40.2727,-125.5554,10,3.2,ml,67,247,0.928,0.76,us,us7000nwaz,2025-02-15T18:30:00.040Z,"114 km WSW of Ferndale, California",earthquake,2.15,2.014,0.036,104,reviewed,us,us
2024-12-05T21:07:27.100Z,40.354,-124.86316666667,13.2,3.16,ml,132,235,0.4034,0.23,nc,nc75096336,2025-02-15T18:30:00.040Z,"49 km WNW of Petrolia, CA",earthquake,0.43,1.09,0.226,49,reviewed,nc,nc
2024-12-05T21:05:10.930Z,40.302666666667,-124.49466666667,16.25,2.18,md,20,272,0.1172,0.04,nc,nc75096331,2025-02-03T00:54:44.116Z,"18 km W of Petrolia, CA",earthquake,0.73,0.3,0.25,11,reviewed,nc,nc
2024-12-05T21:04:33.990Z,40.398666666667,-124.983,24.55,2.72,md,56,244,0.4986,0.39,nc,nc75096326,2025-02-03T00:50:12.736Z,"60 km WNW of Petrolia, CA",earthquake,1.72,21.4,0.303,38,reviewed,nc,nc
2024-12-05T21:02:49.190Z,40.551166666667,-125.2035,22.55,2.78,md,51,287,0.6982,0.26,nc,nc75096316,2025-02-03T00:30:07.407Z,"79 km W of Ferndale, CA",earthquake,5.87,15.89,0.283,28,reviewed,nc,nc
2024-12-05T21:01:54.600Z,40.3545,-124.94566666667,16.16,2.76,md,71,244,0.4658,0.19,nc,nc75096311,2025-02-03T00:16:03.619Z,"56 km WNW of Petrolia, CA",earthquake,0.8,0.98,0.226,52,reviewed,nc,nc
2024-12-05T20:58:35.070Z,40.339,-124.83766666667,14.06,2.18,md,24,269,0.3819,0.2,nc,nc75096306,2025-02-03T00:07:00.938Z,"47 km WNW of Petrolia, CA",earthquake,0.71,0.58,0.213,14,reviewed,nc,nc
2024-12-05T20:56:52.590Z,40.353166666667,-124.79833333333,11.65,2.46,md,51,237,0.3544,0.35,nc,nc75096291,2025-02-03T00:00:29.225Z,"44 km WNW of Petrolia, CA",earthquake,1.09,1.21,0.275,31,reviewed,nc,nc
2024-12-05T20:54:41.170Z,40.320833333333,-124.62133333333,16.13,2.12,md,17,291,0.2156,0.04,nc,nc75096281,2024-12-17T15:47:17.868Z,"29 km W of Petrolia, CA",earthquake,1.27,0.54,0.132,8,reviewed,nc,nc
2024-12-05T20:53:57.830Z,40.396,-125.01483333333,13,2.94,md,77,248,0.5231,0.27,nc,nc75096286,2025-02-02T23:46:55.828Z,"62 km WNW of Petrolia, CA",earthquake,0.74,1.69,0.154,49,reviewed,nc,nc
2024-12-05T20:53:53.504Z,40.4808,-125.2588,10,2.6,ml,19,278,0.725,0.44,us,us7000nwaj,2025-02-15T18:29:59.040Z,"84 km W of Ferndale, California",earthquake,5.33,2.004,0.062,34,reviewed,us,us
2024-12-05T20:50:57.110Z,40.318166666667,-124.90266666667,13.8,2.61,md,46,266,0.4294,0.28,nc,nc75096276,2025-02-02T22:43:09.315Z,"52 km W of Petrolia, CA",earthquake,1.06,1.44,0.35,30,reviewed,nc,nc
2024-12-05T20:49:42.760Z,40.378833333333,-125.231,14.08,2.75,md,58,259,0.6851,0.28,nc,nc75096271,2025-02-02T22:27:05.100Z,"80 km WNW of Petrolia, CA",earthquake,3.71,5.15,0.261,39,reviewed,nc,nc
2024-12-05T20:48:13.930Z,40.336833333333,-124.8395,16.5,2.6,md,44,255,0.383,0.28,nc,nc75096266,2025-02-02T22:09:30.290Z,"47 km WNW of Petrolia, CA",earthquake,1.39,1.03,0.22,29,reviewed,nc,nc
2024-12-05T20:46:43.840Z,40.408666666667,-125.10383333333,0.09,2.91,md,67,266,0.5887,0.21,nc,nc75096256,2025-02-15T18:29:59.040Z,"70 km WNW of Petrolia, CA",earthquake,1.72,4.04,0.145,54,reviewed,nc,nc
2024-12-05T20:45:59.490Z,40.361,-124.7195,10.09,2,md,17,311,0.2971,0.15,nc,nc75096261,2025-02-02T21:56:26.521Z,"37 km WNW of Petrolia, CA",earthquake,1.2,1.31,0.068,15,reviewed,nc,nc
2024-12-05T20:45:27.760Z,40.292833333333,-124.397,20.86,1.77,md,17,267,0.04185,0.09,nc,nc75096381,2024-12-17T03:06:38.883Z,"10 km W of Petrolia, CA",earthquake,1.03,0.37,0.091,7,reviewed,nc,nc
2024-12-05T20:39:28.760Z,40.312333333333,-124.4155,8.67,1.72,md,8,256,0.06065,0.08,nc,nc75096376,2025-02-02T21:48:24.151Z,"11 km W of Petrolia, CA",earthquake,0.93,0.7,0.307,5,reviewed,nc,nc
2024-12-05T20:39:28.740Z,40.383333333333,-125.12733333333,22.94,3.48,ml,121,233,0.6073,0.21,nc,nc75096241,2025-02-15T18:29:58.040Z,"72 km WNW of Petrolia, CA",earthquake,1.03,7.21,0.178,62,reviewed,nc,nc
2024-12-05T20:32:32.070Z,40.345666666667,-124.786,21.35,3.38,ml,16,281,0.3662,0.1,nc,nc75096226,2025-02-15T18:29:58.040Z,"43 km WNW of Petrolia, CA",earthquake,0.64,0.97,0.212,12,reviewed,nc,nc
2024-12-05T20:28:46.190Z,40.287,-124.59916666667,6.04,3.2,ml,42,241,0.1963,0.17,nc,nc75096211,2025-02-15T18:29:58.040Z,"27 km W of Petrolia, CA",earthquake,0.74,0.75,0.168,33,reviewed,nc,nc
2024-12-05T20:21:04.830Z,40.337833333333,-124.88416666667,7.39,2.74,md,63,250,0.417,0.24,nc,nc75096196,2025-02-02T21:43:52.941Z,"51 km WNW of Petrolia, CA",earthquake,0.56,1.26,0.177,49,reviewed,nc,nc
2024-12-05T20:16:09.320Z,40.322166666667,-124.486,10.76,2.29,md,16,266,0.1147,0.07,nc,nc75096191,2024-12-07T07:07:18.282Z,"17 km W of Petrolia, CA",earthquake,1.94,0.45,0.362,11,reviewed,nc,nc
2024-12-05T20:12:10.790Z,40.350833333333,-124.88833333333,10,3.41,ml,120,230,0.4219,0.24,nc,nc75096186,2025-02-15T18:29:57.040Z,"51 km WNW of Petrolia, CA",earthquake,0.69,31.61,0.189,71,reviewed,nc,nc
2024-12-05T20:09:36.350Z,40.395166666667,-124.79166666667,10,2.66,md,33,272,0.3558,0.19,nc,nc75096176,2025-02-15T18:28:13.040Z,"44 km WNW of Petrolia, CA",earthquake,0.85,31.61,0.196,24,reviewed,nc,nc
2024-12-05T20:08:51.190Z,40.3605,-124.9605,31.85,2.62,ml,44,274,0.4779,0.23,nc,nc75096171,2025-02-15T18:29:56.040Z,"57 km WNW of Petrolia, CA",earthquake,3.04,4.02,0.149,12,reviewed,nc,nc
2024-12-05T20:06:08.460Z,40.311666666667,-124.658,7.32,2.93,md,36,252,0.2423,0.23,nc,nc75096166,2025-02-15T18:31:24.040Z,"32 km W of Petrolia, CA",earthquake,1.59,1.12,0.164,23,reviewed,nc,nc
2024-12-05T20:04:45.350Z,40.339666666667,-124.756,12.46,4.43,ml,15,279,0.3472,0.2,nc,nc75001648,2025-02-15T18:29:56.040Z,"40 km WNW of Petrolia, CA",earthquake,0.82,1.13,0.165,4,reviewed,nc,nc
2024-12-05T20:04:22.680Z,40.340333333333,-124.90883333333,8,4.04,ml,87,225,0.4361,0.28,nc,nc75096156,2025-02-15T18:29:57.040Z,"53 km WNW of Petrolia, CA",earthquake,0.62,1.05,0.129,3,reviewed,nc,nc
2024-12-05T20:00:21.180Z,40.4815,-124.51083333333,25.15,3.58,ml,51,239,0.1324,0.15,nc,nc75096151,2025-02-15T18:29:55.040Z,"23 km WSW of Ferndale, CA",earthquake,0.72,0.68,0.177,82,reviewed,nc,nc
2024-12-05T19:58:03.410Z,40.299166666667,-124.5075,8.2,3.51,md,37,259,0.1266,0.16,nc,nc75096146,2025-02-15T18:29:55.040Z,"19 km W of Petrolia, CA",earthquake,0.42,0.36,0.181,33,reviewed,nc,nc
2024-12-05T19:57:24.670Z,40.421166666667,-124.8875,4.48,2.89,md,11,263,0.5746,0.16,nc,nc75096131,2025-02-15T18:31:18.040Z,"52 km WNW of Petrolia, CA",earthquake,4.92,5.86,0.093,10,reviewed,nc,nc
2024-12-05T19:55:31.190Z,40.434166666667,-125.197,10,2.84,ml,100,234,0.6572,0.28,nc,nc75096141,2025-02-15T18:31:19.040Z,"78 km WNW of Petrolia, CA",earthquake,1.38,31.61,0.103,22,reviewed,nc,nc
2024-12-05T19:48:19.707Z,40.3637,-125.6535,10,2.7,ml,11,270,1.172,0.62,us,us7000p0lk,2025-02-15T18:31:54.040Z,"120 km WSW of Ferndale, California",earthquake,7.08,2.016,0.066,30,reviewed,us,us
2024-12-05T19:48:18.150Z,40.482666666667,-125.23866666667,2.17,3.02,ml,35,305,0.6874,0.2,nc,nc75096111,2025-02-15T18:29:54.040Z,"83 km WNW of Petrolia, CA",earthquake,5.18,10.14,0.225,12,reviewed,nc,nc
2024-12-05T19:46:53.330Z,40.393166666667,-124.99666666667,12.85,3.24,ml,45,258,0.5098,0.13,nc,nc75096106,2025-02-15T18:29:54.040Z,"61 km WNW of Petrolia, CA",earthquake,1.76,1.8,0.182,24,reviewed,nc,nc
2024-12-05T19:43:03.740Z,40.336666666667,-124.8405,14.63,2.67,ml,17,317,0.3838,0.25,nc,nc75096096,2025-08-24T21:26:15.044Z,"47 km WNW of Petrolia, CA",earthquake,2.01,1.3,0.136,19,reviewed,nc,nc
2024-12-05T19:38:02.200Z,40.349,-124.9475,18.34,3.66,ml,19,303,0.4664,0.13,nc,nc75096066,2025-02-15T18:29:53.040Z,"56 km WNW of Petrolia, CA",earthquake,0.98,0.82,0.073,5,reviewed,nc,nc
2024-12-05T19:36:38.630Z,40.378666666667,-124.94933333333,10,3.6,ml,147,232,0.4725,0.27,nc,nc75096071,2025-02-15T18:29:53.040Z,"57 km WNW of Petrolia, CA",earthquake,0.73,31.61,0.147,95,reviewed,nc,nc
2024-12-05T19:31:23.980Z,40.336833333333,-124.79466666667,6.48,2.88,md,73,237,0.349,0.29,nc,nc75096051,2025-02-15T18:31:18.040Z,"43 km WNW of Petrolia, CA",earthquake,0.66,0.92,0.168,46,reviewed,nc,nc
2024-12-05T19:28:49.050Z,40.368666666667,-124.99483333333,10,3.09,ml,82,243,0.505,0.24,nc,nc75096036,2025-02-15T18:29:52.040Z,"60 km WNW of Petrolia, CA",earthquake,1.01,31.61,0.181,16,reviewed,nc,nc
2024-12-05T19:26:17.910Z,40.333666666667,-124.77833333333,7.23,2.92,ml,99,232,0.3363,0.3,nc,nc75096031,2025-02-15T18:31:17.040Z,"42 km WNW of Petrolia, CA",earthquake,0.43,0.79,0.216,37,reviewed,nc,nc
2024-12-05T19:25:38.460Z,40.3055,-124.549,13.88,2.74,md,11,286,0.1588,0.13,nc,nc75001978,2024-12-15T23:47:20.289Z,"22 km W of Petrolia, CA",earthquake,0.84,1.06,0.478,9,reviewed,nc,nc
2024-12-05T19:25:27.420Z,40.2775,-124.5605,21.71,2.83,md,20,258,0.1671,0.13,nc,nc75001988,2024-12-16T07:37:20.527Z,"24 km W of Petrolia, CA",earthquake,0.58,0.3,0.155,25,reviewed,nc,nc
2024-12-05T19:25:11.860Z,40.281333333333,-124.737,17.52,2.38,md,17,307,0.3018,0.13,nc,nc75001983,2024-12-16T07:52:17.641Z,"39 km W of Petrolia, CA",earthquake,0.97,0.9,0.218,11,reviewed,nc,nc
2024-12-05T19:21:14.540Z,40.331333333333,-124.68016666667,4.31,3.38,ml,53,248,0.2617,0.19,nc,nc75096026,2025-02-15T18:29:51.040Z,"34 km WNW of Petrolia, CA",earthquake,0.73,0.83,0.165,64,reviewed,nc,nc
2024-12-05T19:18:48.110Z,40.348166666667,-124.9975,8.49,2.96,ml,68,242,0.5043,0.23,nc,nc75001653,2025-02-15T18:30:12.040Z,"60 km WNW of Petrolia, CA",earthquake,1.65,2.45,0.096,5,reviewed,nc,nc
2024-12-05T19:18:19.210Z,40.360166666667,-124.70116666667,20.55,2.95,ml,92,228,0.2834,0.2,nc,nc75095996,2025-02-15T18:29:51.040Z,"35 km WNW of Petrolia, CA",earthquake,0.57,0.35,0.235,34,reviewed,nc,nc
2024-12-05T19:15:06.480Z,40.375666666667,-124.81683333333,20.84,3.1,ml,68,242,0.3729,0.25,nc,nc75095976,2025-02-15T18:31:17.040Z,"45 km WNW of Petrolia, CA",earthquake,0.84,1.01,0.124,18,reviewed,nc,nc
2024-12-05T19:14:43.300Z,40.3755,-125.019,10,3.2,ml,154,233,0.5243,0.29,nc,nc75095981,2025-02-15T18:29:56.040Z,"62 km WNW of Petrolia, CA",earthquake,0.7,31.61,0.161,41,reviewed,nc,nc
2024-12-05T19:10:07.870Z,40.347,-124.92633333333,10,3.5,ml,113,233,0.4502,0.25,nc,nc75095961,2025-02-15T18:29:51.040Z,"54 km WNW of Petrolia, CA",earthquake,0.67,31.61,0.182,79,reviewed,nc,nc
2024-12-05T19:05:51.110Z,40.325333333333,-124.67166666667,9.08,3.7,ml,56,241,0.2543,0.23,nc,nc75095936,2025-02-15T18:29:50.040Z,"33 km WNW of Petrolia, CA",earthquake,0.72,0.59,0.148,109,reviewed,nc,nc
2024-12-05T19:02:44.880Z,40.37,-124.855,13.38,3.12,ml,100,235,0.4001,0.2,nc,nc75095901,2025-02-15T18:31:16.040Z,"49 km WNW of Petrolia, CA",earthquake,0.48,1.03,0.205,23,reviewed,nc,nc
2024-12-05T18:59:01.900Z,40.373333333333,-124.97316666667,10,3.87,ml,84,241,0.4895,0.34,nc,nc75095886,2025-02-15T18:31:17.040Z,"59 km WNW of Petrolia, CA",earthquake,0.71,31.61,0.221,16,reviewed,nc,nc
2024-12-05T18:57:11.810Z,40.304333333333,-124.55866666667,21.78,3.54,ml,47,238,0.166,0.17,nc,nc75095856,2025-02-15T18:31:16.040Z,"23 km W of Petrolia, CA",earthquake,0.64,0.33,0.267,17,reviewed,nc,nc
2024-12-05T18:48:06.040Z,40.4435,-124.45566666667,24.99,3.75,ml,36,234,0.09569,0.11,nc,nc75001913,2025-02-15T18:31:16.040Z,"20 km NW of Petrolia, CA",earthquake,0.49,0.34,0.226,7,reviewed,nc,nc
2024-12-05T18:46:29.660Z,40.349,-124.915,12.51,4.67,ml,54,241,0.4418,0.2,nc,nc75001903,2025-02-15T18:30:02.040Z,"53 km WNW of Petrolia, CA",earthquake,0.83,1.04,0.102,9,reviewed,nc,nc
2024-12-05T18:44:21.110Z,40.374,-125.02166666667,10,7,mw,172,229,0.5261,0.23,nc,nc75095651,2026-07-17T16:45:27.673Z,"2024 Offshore Cape Mendocino, California Earthquake",earthquake,0.63,31.61,0.018,303,reviewed,nc,nc
2024-12-05T06:30:28.060Z,40.375,-125.09633333333,10,2.35,md,46,267,0.5826,0.29,nc,nc75095381,2024-12-13T16:17:16.014Z,"69 km WNW of Petrolia, CA",earthquake,1.17,31.61,0.282,33,reviewed,nc,nc
2024-12-04T13:43:08.500Z,40.441666666667,-125.80266666667,10,2.94,md,72,264,1.118,0.34,nc,nc75095001,2024-12-14T19:47:16.408Z,"129 km WNW of Petrolia, CA",earthquake,1.76,31.61,0.272,41,reviewed,nc,nc
2024-12-04T13:11:59.970Z,40.336333333333,-124.56383333333,23.42,2.69,md,36,256,0.1758,0.18,nc,nc75094981,2025-02-15T18:29:29.040Z,"24 km WNW of Petrolia, CA",earthquake,0.63,0.46,0.144,20,reviewed,nc,nc
2024-12-04T13:10:22.000Z,40.4705,-125.87183333333,10,4.23,mw,103,256,1.17,0.3,nc,nc75094976,2026-07-17T20:29:37.766Z,"135 km WNW of Petrolia, CA",earthquake,1.63,31.61,,16,reviewed,nc,nc
2024-12-04T11:36:36.900Z,40.4275,-125.99183333333,10,4.36,mw,98,261,1.263,0.33,nc,nc75094936,2026-07-17T20:31:34.276Z,"145 km WNW of Petrolia, CA",earthquake,3.7,31.61,,24,reviewed,nc,nc
2024-12-04T08:45:41.110Z,40.298333333333,-124.43283333333,14.67,2.03,md,26,250,0.06973,0.07,nc,nc75094886,2024-12-14T06:07:15.727Z,"13 km W of Petrolia, CA",earthquake,0.33,0.23,0.291,29,reviewed,nc,nc
