track,sequence,phase,model,n_ref,emitted_at_03,recall_at_03,precision_lb_at_03,f1_lb_at_03,best_thr,recall_at_best,f1_lb_at_best,published_thr,recall_at_published,emitted_at_published
track1-western-us,Mendocino 2024,P,EQTransformer:instance,200,299,0.695,0.46488294314381273,0.5571142284569138,0.62,0.615,0.6243654822335025,0.00546712,0.75,600.0
track1-western-us,Mendocino 2024,P,EQTransformer:original,200,401,0.775,0.3865336658354115,0.5158069883527454,0.46,0.7,0.5293005671077505,,,
track1-western-us,Mendocino 2024,P,PhaseNet:diting,200,315,0.675,0.42857142857142855,0.5242718446601942,0.46,0.525,0.584958217270195,0.3,0.675,315.0
track1-western-us,Mendocino 2024,P,PhaseNet:instance,200,375,0.825,0.44,0.5739130434782609,0.56,0.74,0.6505494505494507,0.0863982428194856,0.895,585.0
track1-western-us,Mendocino 2024,P,PhaseNet:jma_wc,200,727,0.895,0.24621733149931224,0.3861920172599784,0.66,0.65,0.48689138576779034,0.1,0.94,1139.0
track1-western-us,Mendocino 2024,P,PhaseNet:original,200,433,0.695,0.3210161662817552,0.439178515007899,0.7,0.54,0.4954128440366973,,,
track1-western-us,Mendocino 2024,P,PhaseNet:quakescope2026,200,483,0.81,0.33540372670807456,0.4743777452415814,0.4,0.75,0.5163511187607573,0.1,0.9,807.0
track1-western-us,Mendocino 2024,P,PhaseNet:scedc,200,273,0.37,0.27106227106227104,0.3128964059196617,0.42,0.365,0.3153347732181425,0.4087626139605634,0.37,273.0
track1-western-us,Mendocino 2024,P,PhaseNet:stead,200,152,0.52,0.6842105263157895,0.5909090909090909,0.32,0.52,0.5977011494252874,0.2680983275901736,0.54,162.0
track1-western-us,Mendocino 2024,P,PhaseNet:volpick,200,469,0.845,0.3603411513859275,0.5052316890881913,0.6,0.76,0.6043737574552683,0.39,0.845,469.0
track1-western-us,Mendocino 2024,S,EQTransformer:instance,113,229,0.6460176991150443,0.31877729257641924,0.42690058479532167,0.52,0.4778761061946903,0.45188284518828453,0.00546712,0.8230088495575221,678.0
track1-western-us,Mendocino 2024,S,EQTransformer:original,113,344,0.7522123893805309,0.24709302325581395,0.37199124726477023,0.38,0.6814159292035398,0.38118811881188125,,,
track1-western-us,Mendocino 2024,S,PhaseNet:diting,113,359,0.6637168141592921,0.20891364902506965,0.31779661016949157,0.38,0.5929203539823009,0.36314363143631434,0.3,0.6637168141592921,359.0
track1-western-us,Mendocino 2024,S,PhaseNet:instance,113,219,0.6106194690265486,0.3150684931506849,0.4156626506024096,0.52,0.45132743362831856,0.46153846153846156,0.1194333034644735,0.6902654867256637,373.0
track1-western-us,Mendocino 2024,S,PhaseNet:jma_wc,113,435,0.6814159292035398,0.17701149425287357,0.281021897810219,0.56,0.35398230088495575,0.31620553359683795,0.1,0.8141592920353983,938.0
track1-western-us,Mendocino 2024,S,PhaseNet:original,113,518,0.7522123893805309,0.1640926640926641,0.2694136291600634,0.6,0.5575221238938053,0.3610315186246419,,,
track1-western-us,Mendocino 2024,S,PhaseNet:quakescope2026,113,367,0.6283185840707964,0.19346049046321526,0.29583333333333334,0.46,0.4424778761061947,0.33557046979865773,0.1,0.8141592920353983,771.0
track1-western-us,Mendocino 2024,S,PhaseNet:scedc,113,63,0.168141592920354,0.30158730158730157,0.2159090909090909,0.02,0.168141592920354,0.2159090909090909,0.4039903966026159,0.168141592920354,63.0
track1-western-us,Mendocino 2024,S,PhaseNet:stead,113,231,0.7256637168141593,0.354978354978355,0.4767441860465117,0.54,0.6371681415929203,0.49826989619377166,0.2607360032861827,0.7345132743362832,245.0
track1-western-us,Mendocino 2024,S,PhaseNet:volpick,113,501,0.7433628318584071,0.16766467065868262,0.27361563517915305,0.66,0.5398230088495575,0.4066666666666667,0.34,0.7433628318584071,501.0
track1-western-us,Monroe WA,P,EQTransformer:instance,35,107,1.0,0.32710280373831774,0.49295774647887325,0.9,0.9142857142857143,0.8648648648648648,0.00546712,1.0,235.0
track1-western-us,Monroe WA,P,EQTransformer:original,35,75,0.9714285714285714,0.4533333333333333,0.6181818181818182,0.64,0.9714285714285714,0.7816091954022988,,,
track1-western-us,Monroe WA,P,PhaseNet:diting,35,129,1.0,0.2713178294573643,0.42682926829268286,0.9,0.7714285714285715,0.782608695652174,0.3,1.0,129.0
track1-western-us,Monroe WA,P,PhaseNet:instance,35,103,1.0,0.33980582524271846,0.5072463768115942,0.92,0.9142857142857143,0.8421052631578947,0.0863982428194856,1.0,169.0
track1-western-us,Monroe WA,P,PhaseNet:jma_wc,35,246,1.0,0.14227642276422764,0.24911032028469748,0.9,0.9714285714285714,0.7311827956989247,0.1,1.0,638.0
track1-western-us,Monroe WA,P,PhaseNet:original,35,148,0.9714285714285714,0.22972972972972974,0.37158469945355194,0.9,0.8285714285714286,0.7532467532467533,,,
track1-western-us,Monroe WA,P,PhaseNet:quakescope2026,35,169,1.0,0.20710059171597633,0.3431372549019608,0.86,0.8285714285714286,0.651685393258427,0.1,1.0,369.0
track1-western-us,Monroe WA,P,PhaseNet:scedc,35,131,0.9714285714285714,0.2595419847328244,0.40963855421686746,0.68,0.8857142857142857,0.6391752577319587,0.4087626139605634,0.9714285714285714,131.0
track1-western-us,Monroe WA,P,PhaseNet:stead,35,63,0.9428571428571428,0.5238095238095238,0.673469387755102,0.48,0.8857142857142857,0.8732394366197184,0.2680983275901736,0.9428571428571428,67.0
track1-western-us,Monroe WA,P,PhaseNet:volpick,35,128,1.0,0.2734375,0.4294478527607362,0.86,0.9428571428571428,0.616822429906542,0.39,1.0,128.0
track1-western-us,Monroe WA,S,EQTransformer:instance,22,99,0.9545454545454546,0.21212121212121213,0.34710743801652894,0.7,0.7272727272727273,0.5714285714285714,0.00546712,0.9545454545454546,228.0
track1-western-us,Monroe WA,S,EQTransformer:original,22,74,1.0,0.2972972972972973,0.4583333333333333,0.66,0.5454545454545454,0.5581395348837208,,,
track1-western-us,Monroe WA,S,PhaseNet:diting,22,162,1.0,0.13580246913580246,0.2391304347826087,0.74,0.7272727272727273,0.4102564102564102,0.3,1.0,162.0
track1-western-us,Monroe WA,S,PhaseNet:instance,22,84,1.0,0.2619047619047619,0.41509433962264153,0.6,0.7272727272727273,0.5423728813559323,0.1194333034644735,1.0,130.0
track1-western-us,Monroe WA,S,PhaseNet:jma_wc,22,196,1.0,0.11224489795918367,0.20183486238532108,0.82,0.45454545454545453,0.39215686274509803,0.1,1.0,341.0
track1-western-us,Monroe WA,S,PhaseNet:original,22,174,1.0,0.12643678160919541,0.22448979591836737,0.74,0.8181818181818182,0.41860465116279066,,,
track1-western-us,Monroe WA,S,PhaseNet:quakescope2026,22,152,1.0,0.14473684210526316,0.2528735632183908,0.88,0.3181818181818182,0.4375,0.1,1.0,264.0
track1-western-us,Monroe WA,S,PhaseNet:scedc,22,76,0.9090909090909091,0.2631578947368421,0.4081632653061224,0.02,0.9090909090909091,0.4081632653061224,0.4039903966026159,0.9090909090909091,76.0
track1-western-us,Monroe WA,S,PhaseNet:stead,22,106,1.0,0.20754716981132076,0.34375000000000006,0.9,0.7272727272727273,0.6530612244897959,0.2607360032861827,1.0,110.0
track1-western-us,Monroe WA,S,PhaseNet:volpick,22,180,1.0,0.12222222222222222,0.21782178217821782,0.86,0.7727272727272727,0.4657534246575343,0.34,1.0,180.0
track1-western-us,Monte Cristo,P,EQTransformer:instance,16,86,0.75,0.13953488372093023,0.2352941176470588,0.8,0.5,0.3137254901960784,0.00546712,0.8125,184.0
track1-western-us,Monte Cristo,P,EQTransformer:original,16,43,0.5,0.18604651162790697,0.2711864406779661,0.24,0.5625,0.2903225806451613,,,
track1-western-us,Monte Cristo,P,PhaseNet:diting,16,77,0.6875,0.14285714285714285,0.23655913978494625,0.46,0.5625,0.339622641509434,0.3,0.6875,77.0
track1-western-us,Monte Cristo,P,PhaseNet:instance,16,94,0.875,0.14893617021276595,0.25454545454545446,0.74,0.5625,0.3214285714285714,0.0863982428194856,0.9375,135.0
track1-western-us,Monte Cristo,P,PhaseNet:jma_wc,16,155,0.8125,0.08387096774193549,0.15204678362573099,0.68,0.625,0.3125,0.1,0.8125,286.0
track1-western-us,Monte Cristo,P,PhaseNet:original,16,135,0.8125,0.0962962962962963,0.17218543046357615,0.82,0.625,0.37037037037037035,,,
track1-western-us,Monte Cristo,P,PhaseNet:quakescope2026,16,127,0.75,0.09448818897637795,0.1678321678321678,0.56,0.6875,0.2972972972972973,0.1,0.9375,235.0
track1-western-us,Monte Cristo,P,PhaseNet:scedc,16,36,0.1875,0.08333333333333333,0.11538461538461539,0.6,0.125,0.14814814814814814,0.4087626139605634,0.1875,36.0
track1-western-us,Monte Cristo,P,PhaseNet:stead,16,49,0.3125,0.10204081632653061,0.15384615384615385,0.44,0.1875,0.17647058823529413,0.2680983275901736,0.3125,56.0
track1-western-us,Monte Cristo,P,PhaseNet:volpick,16,107,0.9375,0.14018691588785046,0.24390243902439027,0.8,0.5,0.31999999999999995,0.39,0.9375,107.0
track1-western-us,Monte Cristo,S,EQTransformer:instance,12,59,0.75,0.15254237288135594,0.2535211267605634,0.6,0.4166666666666667,0.3125,0.00546712,0.75,182.0
track1-western-us,Monte Cristo,S,EQTransformer:original,12,36,0.5833333333333334,0.19444444444444445,0.2916666666666667,0.32,0.5833333333333334,0.3043478260869565,,,
track1-western-us,Monte Cristo,S,PhaseNet:diting,12,77,0.6666666666666666,0.1038961038961039,0.1797752808988764,0.4,0.5,0.2,0.3,0.6666666666666666,77.0
track1-western-us,Monte Cristo,S,PhaseNet:instance,12,51,0.5,0.11764705882352941,0.19047619047619047,0.52,0.3333333333333333,0.27586206896551724,0.1194333034644735,0.5833333333333334,114.0
track1-western-us,Monte Cristo,S,PhaseNet:jma_wc,12,86,0.5,0.06976744186046512,0.12244897959183673,0.28,0.6666666666666666,0.14285714285714285,0.1,0.75,203.0
track1-western-us,Monte Cristo,S,PhaseNet:original,12,152,0.6666666666666666,0.05263157894736842,0.09756097560975609,0.64,0.5,0.23076923076923075,,,
track1-western-us,Monte Cristo,S,PhaseNet:quakescope2026,12,73,0.4166666666666667,0.0684931506849315,0.1176470588235294,0.28,0.5833333333333334,0.14736842105263157,0.1,0.75,185.0
track1-western-us,Monte Cristo,S,PhaseNet:scedc,12,26,0.4166666666666667,0.19230769230769232,0.2631578947368421,0.42,0.4166666666666667,0.2777777777777778,0.4039903966026159,0.4166666666666667,26.0
track1-western-us,Monte Cristo,S,PhaseNet:stead,12,120,0.6666666666666666,0.06666666666666667,0.1212121212121212,0.8,0.4166666666666667,0.3846153846153846,0.2607360032861827,0.6666666666666666,124.0
track1-western-us,Monte Cristo,S,PhaseNet:volpick,12,115,0.6666666666666666,0.06956521739130435,0.12598425196850394,0.78,0.3333333333333333,0.3333333333333333,0.34,0.6666666666666666,115.0
track1-western-us,Ridgecrest,P,EQTransformer:instance,347,94,0.2132564841498559,0.7872340425531915,0.3356009070294784,0.02,0.4755043227665706,0.5238095238095238,0.00546712,0.4755043227665706,283.0
track1-western-us,Ridgecrest,P,EQTransformer:original,347,104,0.207492795389049,0.6923076923076923,0.31929046563192903,0.02,0.2564841498559078,0.3588709677419355,,,
track1-western-us,Ridgecrest,P,PhaseNet:diting,347,122,0.276657060518732,0.7868852459016393,0.40938166311300644,0.02,0.276657060518732,0.40938166311300644,0.3,0.276657060518732,122.0
track1-western-us,Ridgecrest,P,PhaseNet:instance,347,100,0.21613832853025935,0.75,0.3355704697986577,0.02,0.3285302593659942,0.4261682242990654,0.0863982428194856,0.3285302593659942,188.0
track1-western-us,Ridgecrest,P,PhaseNet:jma_wc,347,338,0.5821325648414986,0.5976331360946746,0.5897810218978102,0.28,0.5965417867435159,0.5948275862068966,0.1,0.7118155619596542,531.0
track1-western-us,Ridgecrest,P,PhaseNet:original,347,496,0.6484149855907781,0.4536290322580645,0.5338078291814947,0.54,0.5504322766570605,0.5560407569141195,,,
track1-western-us,Ridgecrest,P,PhaseNet:quakescope2026,347,352,0.6051873198847262,0.5965909090909091,0.6008583690987124,0.22,0.6628242074927954,0.6108897742363877,0.1,0.7175792507204611,533.0
track1-western-us,Ridgecrest,P,PhaseNet:scedc,347,57,0.11239193083573487,0.6842105263157895,0.19306930693069307,0.42,0.11239193083573487,0.19402985074626866,0.4087626139605634,0.11239193083573487,57.0
track1-western-us,Ridgecrest,P,PhaseNet:stead,347,136,0.25360230547550433,0.6470588235294118,0.36438923395445133,0.02,0.2680115273775216,0.3795918367346939,0.2680983275901736,0.2680115273775216,143.0
track1-western-us,Ridgecrest,P,PhaseNet:volpick,347,213,0.4438040345821326,0.7230046948356808,0.55,0.02,0.4438040345821326,0.55,0.39,0.4438040345821326,213.0
track1-western-us,Ridgecrest,S,EQTransformer:instance,298,84,0.18120805369127516,0.6428571428571429,0.2827225130890052,0.02,0.5134228187919463,0.5160202360876897,0.00546712,0.5134228187919463,295.0
track1-western-us,Ridgecrest,S,EQTransformer:original,298,120,0.2684563758389262,0.6666666666666666,0.3827751196172249,0.02,0.3523489932885906,0.4565217391304348,,,
track1-western-us,Ridgecrest,S,PhaseNet:diting,298,123,0.24496644295302014,0.5934959349593496,0.34679334916864607,0.02,0.24496644295302014,0.34679334916864607,0.3,0.24496644295302014,123.0
track1-western-us,Ridgecrest,S,PhaseNet:instance,298,99,0.18456375838926176,0.5555555555555556,0.2770780856423174,0.02,0.28859060402684567,0.3891402714932127,0.1194333034644735,0.28859060402684567,144.0
track1-western-us,Ridgecrest,S,PhaseNet:jma_wc,298,279,0.4865771812080537,0.5197132616487455,0.5025996533795495,0.18,0.6040268456375839,0.5397301349325337,0.1,0.6711409395973155,455.0
track1-western-us,Ridgecrest,S,PhaseNet:original,298,520,0.7248322147651006,0.4153846153846154,0.528117359413203,0.44,0.6409395973154363,0.532033426183844,,,
track1-western-us,Ridgecrest,S,PhaseNet:quakescope2026,298,292,0.5201342281879194,0.5308219178082192,0.5254237288135594,0.2,0.6174496644295302,0.5542168674698794,0.1,0.6879194630872483,465.0
track1-western-us,Ridgecrest,S,PhaseNet:scedc,298,44,0.09060402684563758,0.6136363636363636,0.15789473684210525,0.02,0.09060402684563758,0.15789473684210525,0.4039903966026159,0.09060402684563758,44.0
track1-western-us,Ridgecrest,S,PhaseNet:stead,298,177,0.34563758389261745,0.5819209039548022,0.4336842105263158,0.02,0.35570469798657717,0.4389233954451346,0.2607360032861827,0.35570469798657717,185.0
track1-western-us,Ridgecrest,S,PhaseNet:volpick,298,254,0.4798657718120805,0.562992125984252,0.5181159420289854,0.02,0.4798657718120805,0.5181159420289854,0.34,0.4798657718120805,254.0
track1-western-us,San Simeon,P,EQTransformer:instance,62,382,0.9193548387096774,0.14921465968586387,0.25675675675675674,0.76,0.5967741935483871,0.43274853801169594,0.00546712,0.9516129032258065,753.0
track1-western-us,San Simeon,P,EQTransformer:original,62,225,0.7258064516129032,0.2,0.31358885017421606,0.52,0.6774193548387096,0.38888888888888884,,,
track1-western-us,San Simeon,P,PhaseNet:diting,62,344,0.8225806451612904,0.14825581395348839,0.2512315270935961,0.44,0.6935483870967742,0.3060498220640569,0.3,0.8225806451612904,344.0
track1-western-us,San Simeon,P,PhaseNet:instance,62,362,0.9354838709677419,0.16022099447513813,0.27358490566037735,0.88,0.5161290322580645,0.4885496183206106,0.0863982428194856,0.9516129032258065,605.0
track1-western-us,San Simeon,P,PhaseNet:jma_wc,62,739,0.9032258064516129,0.07577807848443843,0.13982521847690388,0.78,0.5967741935483871,0.31223628691983124,0.1,0.967741935483871,1367.0
track1-western-us,San Simeon,P,PhaseNet:original,62,448,0.9193548387096774,0.12723214285714285,0.22352941176470587,0.78,0.6612903225806451,0.35193133047210295,,,
track1-western-us,San Simeon,P,PhaseNet:quakescope2026,62,482,0.9032258064516129,0.11618257261410789,0.20588235294117652,0.66,0.6451612903225806,0.3375527426160338,0.1,0.9354838709677419,964.0
track1-western-us,San Simeon,P,PhaseNet:scedc,62,174,0.532258064516129,0.1896551724137931,0.2796610169491525,0.64,0.41935483870967744,0.4031007751937984,0.4087626139605634,0.532258064516129,174.0
track1-western-us,San Simeon,P,PhaseNet:stead,62,172,0.7741935483870968,0.27906976744186046,0.41025641025641024,0.48,0.5967741935483871,0.5441176470588236,0.2680983275901736,0.7741935483870968,196.0
track1-western-us,San Simeon,P,PhaseNet:volpick,62,349,0.8548387096774194,0.1518624641833811,0.2579075425790754,0.68,0.7096774193548387,0.37606837606837606,0.39,0.8548387096774194,349.0
track1-western-us,San Simeon,S,EQTransformer:instance,16,110,0.75,0.10909090909090909,0.19047619047619047,0.76,0.5625,0.5454545454545455,0.00546712,1.0,649.0
track1-western-us,San Simeon,S,EQTransformer:original,16,264,0.9375,0.056818181818181816,0.10714285714285715,0.68,0.5625,0.32727272727272727,,,
track1-western-us,San Simeon,S,PhaseNet:diting,16,325,0.9375,0.046153846153846156,0.0879765395894428,0.8,0.1875,0.1818181818181818,0.3,0.9375,325.0
track1-western-us,San Simeon,S,PhaseNet:instance,16,131,0.6875,0.08396946564885496,0.14965986394557823,0.74,0.5,0.45714285714285713,0.1194333034644735,0.75,322.0
track1-western-us,San Simeon,S,PhaseNet:jma_wc,16,278,0.8125,0.046762589928057555,0.08843537414965986,0.68,0.375,0.2181818181818182,0.1,0.9375,798.0
track1-western-us,San Simeon,S,PhaseNet:original,16,454,0.875,0.030837004405286344,0.059574468085106386,0.86,0.5,0.39024390243902435,,,
track1-western-us,San Simeon,S,PhaseNet:quakescope2026,16,208,0.75,0.057692307692307696,0.10714285714285714,0.7,0.375,0.25531914893617014,0.1,0.9375,605.0
track1-western-us,San Simeon,S,PhaseNet:scedc,16,56,0.4375,0.125,0.19444444444444445,0.58,0.25,0.26666666666666666,0.4039903966026159,0.4375,56.0
track1-western-us,San Simeon,S,PhaseNet:stead,16,298,0.9375,0.050335570469798654,0.09554140127388534,0.88,0.625,0.48780487804878053,0.2607360032861827,0.9375,319.0
track1-western-us,San Simeon,S,PhaseNet:volpick,16,382,0.8125,0.034031413612565446,0.06532663316582915,0.86,0.5,0.28571428571428575,0.34,0.8125,382.0
track2-msas,Kaikoura 2016,P,EQTransformer:instance,357,800,0.6106442577030813,0.2725,0.3768366464995679,0.52,0.5210084033613446,0.39786096256684494,0.00546712,0.7086834733893558,1914.0
track2-msas,Kaikoura 2016,P,EQTransformer:original,357,566,0.42857142857142855,0.2703180212014134,0.3315276273022752,0.32,0.42296918767507,0.33186813186813185,,,
track2-msas,Kaikoura 2016,P,PhaseNet:diting,357,720,0.5042016806722689,0.25,0.3342618384401114,0.34,0.4649859943977591,0.3391215526046987,0.3,0.5042016806722689,720.0
track2-msas,Kaikoura 2016,P,PhaseNet:instance,357,911,0.6442577030812325,0.2524698133918771,0.362776025236593,0.6,0.48739495798319327,0.3941109852774632,0.0863982428194856,0.7254901960784313,1444.0
track2-msas,Kaikoura 2016,P,PhaseNet:jma_wc,357,1817,0.7030812324929971,0.13813979086406164,0.23091076356945722,0.64,0.45938375350140054,0.29052258635961026,0.1,0.7843137254901961,2973.0
track2-msas,Kaikoura 2016,P,PhaseNet:original,357,1650,0.6610644257703081,0.14303030303030304,0.23517688091679123,0.5,0.5798319327731093,0.2736285525446133,,,
track2-msas,Kaikoura 2016,P,PhaseNet:quakescope2026,357,1629,0.6638655462184874,0.14548802946593,0.23867069486404832,0.54,0.46218487394957986,0.2633679169992019,0.1,0.7871148459383753,2804.0
track2-msas,Kaikoura 2016,P,PhaseNet:scedc,357,454,0.28291316526610644,0.22246696035242292,0.249075215782984,0.02,0.28291316526610644,0.249075215782984,0.4087626139605634,0.28291316526610644,454.0
track2-msas,Kaikoura 2016,P,PhaseNet:stead,357,717,0.4649859943977591,0.2315202231520223,0.3091247672253259,0.02,0.484593837535014,0.3092046470062556,0.2680983275901736,0.484593837535014,762.0
track2-msas,Kaikoura 2016,P,PhaseNet:volpick,357,1149,0.5798319327731093,0.1801566579634465,0.27490039840637454,0.64,0.41456582633053224,0.31190727081138037,0.39,0.5798319327731093,1149.0
track2-msas,Kaikoura 2016,S,EQTransformer:instance,458,561,0.5152838427947598,0.4206773618538324,0.4631992149165849,0.24,0.5589519650655022,0.4723247232472324,0.00546712,0.7969432314410481,1896.0
track2-msas,Kaikoura 2016,S,EQTransformer:original,458,613,0.5349344978165939,0.399673735725938,0.45751633986928103,0.2,0.6091703056768559,0.4744897959183674,,,
track2-msas,Kaikoura 2016,S,PhaseNet:diting,458,724,0.5240174672489083,0.3314917127071823,0.40609137055837563,0.02,0.5240174672489083,0.40609137055837563,0.3,0.5240174672489083,724.0
track2-msas,Kaikoura 2016,S,PhaseNet:instance,458,612,0.5327510917030568,0.39869281045751637,0.4560747663551402,0.28,0.5480349344978166,0.45719489981785066,0.1194333034644735,0.6877729257641921,988.0
track2-msas,Kaikoura 2016,S,PhaseNet:jma_wc,458,1031,0.519650655021834,0.23084384093113483,0.31967763599731364,0.26,0.5982532751091703,0.3277511961722488,0.1,0.8013100436681223,2175.0
track2-msas,Kaikoura 2016,S,PhaseNet:original,458,1741,0.7052401746724891,0.1855255600229753,0.2937698954070032,0.4,0.6528384279475983,0.3154008438818565,,,
track2-msas,Kaikoura 2016,S,PhaseNet:quakescope2026,458,992,0.5021834061135371,0.2318548387096774,0.31724137931034485,0.24,0.5895196506550219,0.31783402001177163,0.1,0.7729257641921398,2114.0
track2-msas,Kaikoura 2016,S,PhaseNet:scedc,458,310,0.1943231441048035,0.2870967741935484,0.23177083333333334,0.02,0.1943231441048035,0.23177083333333334,0.4039903966026159,0.1943231441048035,310.0
track2-msas,Kaikoura 2016,S,PhaseNet:stead,458,1373,0.740174672489083,0.2469045884923525,0.3702894593118514,0.62,0.5676855895196506,0.425531914893617,0.2607360032861827,0.7445414847161572,1438.0
track2-msas,Kaikoura 2016,S,PhaseNet:volpick,458,1212,0.665938864628821,0.25165016501650167,0.36526946107784436,0.58,0.462882096069869,0.4015151515151515,0.34,0.665938864628821,1212.0
track2-msas,Norcia 2016,P,EQTransformer:instance,701,483,0.5520684736091298,0.8012422360248447,0.6537162162162162,0.14,0.6533523537803139,0.6695906432748537,0.00546712,0.7774607703281027,1261.0
track2-msas,Norcia 2016,P,EQTransformer:original,701,410,0.38944365192582026,0.6658536585365854,0.4914491449144915,0.16,0.42938659058487877,0.49344262295081964,,,
track2-msas,Norcia 2016,P,PhaseNet:diting,701,450,0.4579172610556348,0.7133333333333334,0.5577758470894874,0.02,0.4579172610556348,0.5577758470894874,0.3,0.4579172610556348,450.0
track2-msas,Norcia 2016,P,PhaseNet:instance,701,564,0.6176890156918687,0.7677304964539007,0.6845849802371541,0.2,0.703281027104137,0.7108868060562366,0.0863982428194856,0.7774607703281027,952.0
track2-msas,Norcia 2016,P,PhaseNet:jma_wc,701,1345,0.7945791726105563,0.4141263940520446,0.544477028347996,0.5,0.6718972895863052,0.5928256765261171,0.1,0.8659058487874465,2207.0
track2-msas,Norcia 2016,P,PhaseNet:original,701,1534,0.738944365192582,0.3376792698826597,0.46353467561521244,0.6,0.5991440798858774,0.5429864253393665,,,
track2-msas,Norcia 2016,P,PhaseNet:quakescope2026,701,1260,0.7631954350927247,0.4246031746031746,0.5456399796022438,0.44,0.6833095577746077,0.5764139590854391,0.1,0.8516405135520685,2050.0
track2-msas,Norcia 2016,P,PhaseNet:scedc,701,238,0.20399429386590584,0.6008403361344538,0.3045793397231097,0.02,0.20399429386590584,0.3045793397231097,0.4087626139605634,0.20399429386590584,238.0
track2-msas,Norcia 2016,P,PhaseNet:stead,701,451,0.4136947218259629,0.6430155210643016,0.5034722222222221,0.02,0.4322396576319544,0.5135593220338983,0.2680983275901736,0.4322396576319544,479.0
track2-msas,Norcia 2016,P,PhaseNet:volpick,701,815,0.6932952924393724,0.596319018404908,0.6411609498680739,0.02,0.6932952924393724,0.6411609498680739,0.39,0.6932952924393724,815.0
track2-msas,Norcia 2016,S,EQTransformer:instance,656,471,0.5853658536585366,0.8152866242038217,0.681455190771961,0.16,0.6829268292682927,0.7032967032967034,0.00546712,0.8917682926829268,1529.0
track2-msas,Norcia 2016,S,EQTransformer:original,656,461,0.5030487804878049,0.7158351409978309,0.5908683974932856,0.12,0.5853658536585366,0.6254071661237786,,,
track2-msas,Norcia 2016,S,PhaseNet:diting,656,632,0.6234756097560976,0.6471518987341772,0.6350931677018633,0.02,0.6234756097560976,0.6350931677018633,0.3,0.6234756097560976,632.0
track2-msas,Norcia 2016,S,PhaseNet:instance,656,555,0.6692073170731707,0.790990990990991,0.7250206440957886,0.2,0.7423780487804879,0.733433734939759,0.1194333034644735,0.8216463414634146,831.0
track2-msas,Norcia 2016,S,PhaseNet:jma_wc,656,1195,0.7774390243902439,0.42677824267782427,0.5510534846029174,0.38,0.6753048780487805,0.5614702154626109,0.1,0.9192073170731707,1947.0
track2-msas,Norcia 2016,S,PhaseNet:original,656,1926,0.9070121951219512,0.3089304257528557,0.4608830364058869,0.56,0.7591463414634146,0.5250395361096468,,,
track2-msas,Norcia 2016,S,PhaseNet:quakescope2026,656,1148,0.7439024390243902,0.4250871080139373,0.541019955654102,0.34,0.7088414634146342,0.5464159811985899,0.1,0.9176829268292683,1939.0
track2-msas,Norcia 2016,S,PhaseNet:scedc,656,454,0.48323170731707316,0.698237885462555,0.5711711711711711,0.02,0.48323170731707316,0.5711711711711711,0.4039903966026159,0.48323170731707316,454.0
track2-msas,Norcia 2016,S,PhaseNet:stead,656,894,0.7774390243902439,0.5704697986577181,0.6580645161290322,0.46,0.7012195121951219,0.6906906906906907,0.2607360032861827,0.7850609756097561,936.0
track2-msas,Norcia 2016,S,PhaseNet:volpick,656,1058,0.8201219512195121,0.5085066162570888,0.6277712952158693,0.44,0.7454268292682927,0.6546184738955824,0.34,0.8201219512195121,1058.0
track2-msas,Thessaly 2021,P,EQTransformer:instance,395,816,0.7063291139240506,0.34191176470588236,0.46077621800165147,0.74,0.5215189873417722,0.5471447543160691,0.00546712,0.7493670886075949,1838.0
track2-msas,Thessaly 2021,P,EQTransformer:original,395,706,0.5544303797468354,0.3101983002832861,0.3978201634877384,0.26,0.5873417721518988,0.40559440559440557,,,
track2-msas,Thessaly 2021,P,PhaseNet:diting,395,748,0.5721518987341773,0.30213903743315507,0.3954505686789151,0.44,0.4278481012658228,0.4142156862745098,0.3,0.5721518987341773,748.0
track2-msas,Thessaly 2021,P,PhaseNet:instance,395,932,0.7240506329113924,0.30686695278969955,0.4310474755086662,0.68,0.5670886075949367,0.5125858123569794,0.0863982428194856,0.7645569620253164,1467.0
track2-msas,Thessaly 2021,P,PhaseNet:jma_wc,395,1732,0.7468354430379747,0.17032332563510394,0.2773859896567936,0.64,0.5265822784810127,0.3604852686308493,0.1,0.759493670886076,2797.0
track2-msas,Thessaly 2021,P,PhaseNet:original,395,1849,0.7316455696202532,0.15630070308274743,0.25757575757575757,0.56,0.6253164556962025,0.30588235294117644,,,
track2-msas,Thessaly 2021,P,PhaseNet:quakescope2026,395,1640,0.7189873417721518,0.17317073170731706,0.27911547911547907,0.58,0.5341772151898734,0.32561728395061723,0.1,0.769620253164557,2513.0
track2-msas,Thessaly 2021,P,PhaseNet:scedc,395,451,0.45569620253164556,0.3991130820399113,0.42553191489361697,0.02,0.45569620253164556,0.42553191489361697,0.4087626139605634,0.45569620253164556,451.0
track2-msas,Thessaly 2021,P,PhaseNet:stead,395,758,0.5772151898734177,0.3007915567282322,0.3954900260190807,0.52,0.40253164556962023,0.4332425068119891,0.2680983275901736,0.5848101265822785,806.0
track2-msas,Thessaly 2021,P,PhaseNet:volpick,395,1161,0.6835443037974683,0.23255813953488372,0.34704370179948585,0.68,0.4936708860759494,0.4452054794520548,0.39,0.6835443037974683,1161.0
track2-msas,Thessaly 2021,S,EQTransformer:instance,331,471,0.3867069486404834,0.27176220806794055,0.31920199501246876,0.52,0.338368580060423,0.38687392055267705,0.00546712,0.4652567975830816,1948.0
track2-msas,Thessaly 2021,S,EQTransformer:original,331,697,0.3685800604229607,0.1750358680057389,0.23735408560311283,0.54,0.29607250755287007,0.2696011004126547,,,
track2-msas,Thessaly 2021,S,PhaseNet:diting,331,799,0.33534743202416917,0.13892365456821026,0.19646017699115045,0.38,0.26586102719033233,0.20877817319098457,0.3,0.33534743202416917,799.0
track2-msas,Thessaly 2021,S,PhaseNet:instance,331,522,0.39274924471299094,0.24904214559386972,0.30480656506447834,0.64,0.29607250755287007,0.3691148775894539,0.1194333034644735,0.44410876132930516,1020.0
track2-msas,Thessaly 2021,S,PhaseNet:jma_wc,331,1053,0.40181268882175225,0.12630579297245964,0.1921965317919075,0.6,0.2719033232628399,0.2647058823529412,0.1,0.4984894259818731,2392.0
track2-msas,Thessaly 2021,S,PhaseNet:original,331,2044,0.42900302114803623,0.06947162426614481,0.11957894736842105,0.8,0.24471299093655588,0.2009925558312655,,,
track2-msas,Thessaly 2021,S,PhaseNet:quakescope2026,331,914,0.38972809667673713,0.14113785557986872,0.20722891566265061,0.62,0.25075528700906347,0.26265822784810133,0.1,0.4622356495468278,2136.0
track2-msas,Thessaly 2021,S,PhaseNet:scedc,331,243,0.19939577039274925,0.2716049382716049,0.22996515679442509,0.48,0.1782477341389728,0.2393509127789046,0.4039903966026159,0.19939577039274925,243.0
track2-msas,Thessaly 2021,S,PhaseNet:stead,331,1393,0.4471299093655589,0.10624551328068917,0.17169373549883993,0.8,0.2537764350453172,0.28620102214650767,0.2607360032861827,0.4501510574018127,1452.0
track2-msas,Thessaly 2021,S,PhaseNet:volpick,331,1327,0.4229607250755287,0.10550113036925396,0.16887816646562123,0.66,0.2688821752265861,0.24860335195530728,0.34,0.4229607250755287,1327.0
track2-swarm,Jones-Guthrie 2014-2015,P,EQTransformer:instance,252,1268,0.7182539682539683,0.14274447949526814,0.2381578947368421,0.8,0.5714285714285714,0.3609022556390977,0.00546712,0.7182539682539683,3271.0
track2-swarm,Jones-Guthrie 2014-2015,P,EQTransformer:original,252,776,0.49206349206349204,0.15979381443298968,0.2412451361867704,0.44,0.44841269841269843,0.2533632286995516,,,
track2-swarm,Jones-Guthrie 2014-2015,P,PhaseNet:diting,252,1344,0.7261904761904762,0.13616071428571427,0.22932330827067665,0.76,0.49603174603174605,0.36656891495601174,0.3,0.7261904761904762,1344.0
track2-swarm,Jones-Guthrie 2014-2015,P,PhaseNet:instance,252,1398,0.7420634920634921,0.13376251788268956,0.22666666666666668,0.78,0.6031746031746031,0.35933806146572106,0.0863982428194856,0.746031746031746,2347.0
track2-swarm,Jones-Guthrie 2014-2015,P,PhaseNet:jma_wc,252,4656,0.7341269841269841,0.039733676975945015,0.07538712306438468,0.82,0.43253968253968256,0.23093220338983048,0.1,0.7380952380952381,15105.0
track2-swarm,Jones-Guthrie 2014-2015,P,PhaseNet:original,252,1832,0.7023809523809523,0.09661572052401747,0.16986564299424184,0.7,0.5952380952380952,0.2702702702702703,,,
track2-swarm,Jones-Guthrie 2014-2015,P,PhaseNet:quakescope2026,252,2337,0.7142857142857143,0.07702182284980745,0.1390498261877173,0.76,0.42857142857142855,0.2259414225941423,0.1,0.7261904761904762,6833.0
track2-swarm,Jones-Guthrie 2014-2015,P,PhaseNet:scedc,252,1538,0.6388888888888888,0.1046814044213264,0.17988826815642456,0.8,0.3373015873015873,0.297723292469352,0.4087626139605634,0.6388888888888888,1538.0
track2-swarm,Jones-Guthrie 2014-2015,P,PhaseNet:stead,252,660,0.6031746031746031,0.23030303030303031,0.3333333333333333,0.5,0.46825396825396826,0.4140350877192982,0.2680983275901736,0.6150793650793651,697.0
track2-swarm,Jones-Guthrie 2014-2015,P,PhaseNet:volpick,252,1719,0.7182539682539683,0.10529377545084351,0.18366311516996447,0.84,0.44841269841269843,0.27527405602923266,0.39,0.7182539682539683,1719.0
track2-swarm,Jones-Guthrie 2014-2015,S,EQTransformer:instance,122,620,0.5655737704918032,0.11129032258064517,0.18598382749326145,0.78,0.2459016393442623,0.21201413427561838,0.00546712,0.7704918032786885,2279.0
track2-swarm,Jones-Guthrie 2014-2015,S,EQTransformer:original,122,857,0.6557377049180327,0.09334889148191365,0.1634320735444331,0.6,0.4016393442622951,0.19215686274509802,,,
track2-swarm,Jones-Guthrie 2014-2015,S,PhaseNet:diting,122,1461,0.7950819672131147,0.06639288158795345,0.12255211623499684,0.74,0.3114754098360656,0.21468926553672316,0.3,0.7950819672131147,1461.0
track2-swarm,Jones-Guthrie 2014-2015,S,PhaseNet:instance,122,732,0.5737704918032787,0.09562841530054644,0.16393442622950818,0.38,0.5245901639344263,0.1847041847041847,0.1194333034644735,0.7377049180327869,1278.0
track2-swarm,Jones-Guthrie 2014-2015,S,PhaseNet:jma_wc,122,1356,0.47540983606557374,0.04277286135693215,0.07848443843031122,0.56,0.2540983606557377,0.08806818181818182,0.1,0.7459016393442623,3973.0
track2-swarm,Jones-Guthrie 2014-2015,S,PhaseNet:original,122,1478,0.6475409836065574,0.05345060893098782,0.09874999999999999,0.9,0.19672131147540983,0.14285714285714285,,,
track2-swarm,Jones-Guthrie 2014-2015,S,PhaseNet:quakescope2026,122,1142,0.5409836065573771,0.05779334500875657,0.10443037974683546,0.88,0.13934426229508196,0.11003236245954692,0.1,0.7377049180327869,2463.0
track2-swarm,Jones-Guthrie 2014-2015,S,PhaseNet:scedc,122,301,0.1885245901639344,0.07641196013289037,0.10874704491725769,0.44,0.16393442622950818,0.11111111111111112,0.4039903966026159,0.1885245901639344,301.0
track2-swarm,Jones-Guthrie 2014-2015,S,PhaseNet:stead,122,1079,0.8360655737704918,0.09453197405004633,0.16985845129059116,0.88,0.36885245901639346,0.23872679045092843,0.2607360032861827,0.860655737704918,1141.0
track2-swarm,Jones-Guthrie 2014-2015,S,PhaseNet:volpick,122,1753,0.7049180327868853,0.04905875641756988,0.09173333333333335,0.7,0.47540983606557374,0.13842482100238665,0.34,0.7049180327868853,1753.0
track2-swarm,Maurienne 2017-2019,P,EQTransformer:instance,650,491,0.5307692307692308,0.7026476578411406,0.6047326906222612,0.34,0.5246153846153846,0.6105640107430618,0.00546712,0.6292307692307693,1261.0
track2-swarm,Maurienne 2017-2019,P,EQTransformer:original,650,395,0.48923076923076925,0.8050632911392405,0.6086124401913876,0.22,0.5169230769230769,0.6245353159851301,,,
track2-swarm,Maurienne 2017-2019,P,PhaseNet:diting,650,587,0.5646153846153846,0.6252129471890971,0.593371059013743,0.4,0.536923076923077,0.5960717335610589,0.3,0.5646153846153846,587.0
track2-swarm,Maurienne 2017-2019,P,PhaseNet:instance,650,506,0.5276923076923077,0.6778656126482213,0.5934256055363322,0.44,0.49538461538461537,0.609271523178808,0.0863982428194856,0.5984615384615385,875.0
track2-swarm,Maurienne 2017-2019,P,PhaseNet:jma_wc,650,1855,0.6261538461538462,0.21940700808625338,0.32495009980039924,0.68,0.5076923076923077,0.5284227381905524,0.1,0.6661538461538462,7314.0
track2-swarm,Maurienne 2017-2019,P,PhaseNet:original,650,584,0.5523076923076923,0.6147260273972602,0.5818476499189627,0.6,0.5169230769230769,0.6210720887245841,,,
track2-swarm,Maurienne 2017-2019,P,PhaseNet:quakescope2026,650,916,0.58,0.4115720524017467,0.48148148148148145,0.52,0.52,0.5412329863891113,0.1,0.6338461538461538,2386.0
track2-swarm,Maurienne 2017-2019,P,PhaseNet:scedc,650,487,0.48615384615384616,0.648870636550308,0.55584872471416,0.42,0.48307692307692307,0.5577264653641207,0.4087626139605634,0.48615384615384616,487.0
track2-swarm,Maurienne 2017-2019,P,PhaseNet:stead,650,249,0.33384615384615385,0.8714859437751004,0.4827586206896552,0.02,0.34,0.486784140969163,0.2680983275901736,0.34,258.0
track2-swarm,Maurienne 2017-2019,P,PhaseNet:volpick,650,725,0.5923076923076923,0.5310344827586206,0.5599999999999998,0.52,0.5538461538461539,0.5815831987075929,0.39,0.5923076923076923,725.0
track2-swarm,Maurienne 2017-2019,S,EQTransformer:instance,672,469,0.5565476190476191,0.7974413646055437,0.6555652936021035,0.12,0.6592261904761905,0.6873545384018619,0.00546712,0.7380952380952381,939.0
track2-swarm,Maurienne 2017-2019,S,EQTransformer:original,672,378,0.47172619047619047,0.8386243386243386,0.6038095238095238,0.12,0.5119047619047619,0.6214995483288165,,,
track2-swarm,Maurienne 2017-2019,S,PhaseNet:diting,672,649,0.6294642857142857,0.6517719568567026,0.6404239212717637,0.34,0.6130952380952381,0.6442533229085224,0.3,0.6294642857142857,649.0
track2-swarm,Maurienne 2017-2019,S,PhaseNet:instance,672,432,0.5416666666666666,0.8425925925925926,0.6594202898550725,0.16,0.5952380952380952,0.672834314550042,0.1194333034644735,0.6101190476190477,557.0
track2-swarm,Maurienne 2017-2019,S,PhaseNet:jma_wc,672,876,0.5863095238095238,0.4497716894977169,0.5090439276485788,0.4,0.5,0.5201238390092879,0.1,0.7113095238095238,2114.0
track2-swarm,Maurienne 2017-2019,S,PhaseNet:original,672,599,0.5863095238095238,0.657762938230384,0.6199842643587726,0.4,0.5595238095238095,0.6230323115161558,,,
track2-swarm,Maurienne 2017-2019,S,PhaseNet:quakescope2026,672,648,0.5535714285714286,0.5740740740740741,0.5636363636363636,0.28,0.5699404761904762,0.5686711210096511,0.1,0.6875,1240.0
track2-swarm,Maurienne 2017-2019,S,PhaseNet:scedc,672,408,0.4642857142857143,0.7647058823529411,0.5777777777777777,0.02,0.4642857142857143,0.5777777777777777,0.4039903966026159,0.4642857142857143,408.0
track2-swarm,Maurienne 2017-2019,S,PhaseNet:stead,672,350,0.42857142857142855,0.8228571428571428,0.5636007827788649,0.02,0.43154761904761907,0.5647517039922103,0.2607360032861827,0.43154761904761907,355.0
track2-swarm,Maurienne 2017-2019,S,PhaseNet:volpick,672,747,0.6264880952380952,0.5635876840696118,0.5933756166314307,0.44,0.5892857142857143,0.6022813688212928,0.34,0.6264880952380952,747.0
track2-swarm,Salton Sea 2016,P,EQTransformer:instance,632,1238,0.8212025316455697,0.41922455573505657,0.5550802139037433,0.6,0.7325949367088608,0.5985778926955397,0.00546712,0.9145569620253164,2210.0
track2-swarm,Salton Sea 2016,P,EQTransformer:original,632,777,0.7294303797468354,0.5933075933075933,0.6543647977288858,0.36,0.7183544303797469,0.657494569152788,,,
track2-swarm,Salton Sea 2016,P,PhaseNet:diting,632,1218,0.7768987341772152,0.40311986863711,0.5308108108108108,0.42,0.6724683544303798,0.535264483627204,0.3,0.7768987341772152,1218.0
track2-swarm,Salton Sea 2016,P,PhaseNet:instance,632,1223,0.8243670886075949,0.4260016353229763,0.5617250673854448,0.64,0.7072784810126582,0.605691056910569,0.0863982428194856,0.8860759493670886,1692.0
track2-swarm,Salton Sea 2016,P,PhaseNet:jma_wc,632,2155,0.9018987341772152,0.26450116009280744,0.40904198062432723,0.72,0.7231012658227848,0.5476333133612942,0.1,0.935126582278481,3858.0
track2-swarm,Salton Sea 2016,P,PhaseNet:original,632,1951,0.8955696202531646,0.2901076371091748,0.43825009678668225,0.82,0.6867088607594937,0.5794392523364486,,,
track2-swarm,Salton Sea 2016,P,PhaseNet:quakescope2026,632,1841,0.9003164556962026,0.30907115697990223,0.46016983420946217,0.66,0.7373417721518988,0.5700305810397553,0.1,0.9319620253164557,3322.0
track2-swarm,Salton Sea 2016,P,PhaseNet:scedc,632,935,0.6075949367088608,0.4106951871657754,0.4901084875558392,0.46,0.5822784810126582,0.4966261808367071,0.4087626139605634,0.6075949367088608,935.0
track2-swarm,Salton Sea 2016,P,PhaseNet:stead,632,690,0.6075949367088608,0.5565217391304348,0.5809379727685325,0.36,0.5775316455696202,0.5835331734612309,0.2680983275901736,0.6170886075949367,723.0
track2-swarm,Salton Sea 2016,P,PhaseNet:volpick,632,1400,0.8386075949367089,0.37857142857142856,0.5216535433070866,0.56,0.7674050632911392,0.5606936416184971,0.39,0.8386075949367089,1400.0
track2-swarm,Salton Sea 2016,S,EQTransformer:instance,580,943,0.7034482758620689,0.432661717921527,0.5357846355876559,0.38,0.6362068965517241,0.5486988847583644,0.00546712,0.8689655172413793,2185.0
track2-swarm,Salton Sea 2016,S,EQTransformer:original,580,687,0.6827586206896552,0.5764192139737991,0.6250986582478295,0.26,0.7155172413793104,0.6273620559334845,,,
track2-swarm,Salton Sea 2016,S,PhaseNet:diting,580,1199,0.743103448275862,0.359466221851543,0.4845418774592468,0.34,0.6913793103448276,0.49232658072437074,0.3,0.743103448275862,1199.0
track2-swarm,Salton Sea 2016,S,PhaseNet:instance,580,775,0.7017241379310345,0.5251612903225806,0.6007380073800738,0.28,0.7293103448275862,0.6064516129032258,0.1194333034644735,0.8206896551724138,1158.0
track2-swarm,Salton Sea 2016,S,PhaseNet:jma_wc,580,1498,0.7120689655172414,0.2757009345794392,0.397497593840231,0.34,0.6482758620689655,0.40560949298813376,0.1,0.8982758620689655,3355.0
track2-swarm,Salton Sea 2016,S,PhaseNet:original,580,2388,0.8224137931034483,0.19974874371859297,0.32142857142857145,0.62,0.6224137931034482,0.3919652551574376,,,
track2-swarm,Salton Sea 2016,S,PhaseNet:quakescope2026,580,1324,0.7224137931034482,0.3164652567975831,0.44012605042016806,0.34,0.646551724137931,0.4424778761061947,0.1,0.8879310344827587,3129.0
track2-swarm,Salton Sea 2016,S,PhaseNet:scedc,580,424,0.3086206896551724,0.4221698113207547,0.35657370517928283,0.02,0.3086206896551724,0.35657370517928283,0.4039903966026159,0.3086206896551724,424.0
track2-swarm,Salton Sea 2016,S,PhaseNet:stead,580,1171,0.8310344827586207,0.4116140051238258,0.5505425471159338,0.62,0.6879310344827586,0.6009036144578314,0.2607360032861827,0.8344827586206897,1220.0
track2-swarm,Salton Sea 2016,S,PhaseNet:volpick,580,1577,0.7982758620689655,0.29359543436905516,0.42929995363931384,0.58,0.646551724137931,0.5084745762711864,0.34,0.7982758620689655,1577.0
track2-swarm,West Bohemia 2018,P,EQTransformer:instance,1500,793,0.2753333333333333,0.5208070617906684,0.36022677714784124,0.1,0.36733333333333335,0.38585434173669464,0.00546712,0.5006666666666667,2560.0
track2-swarm,West Bohemia 2018,P,EQTransformer:original,1500,1954,0.45266666666666666,0.3474923234390993,0.39316734221192823,0.48,0.43133333333333335,0.3981538461538462,,,
track2-swarm,West Bohemia 2018,P,PhaseNet:diting,1500,1433,0.298,0.31193300767620374,0.3048073644732356,0.02,0.298,0.3048073644732356,0.3,0.298,1433.0
track2-swarm,West Bohemia 2018,P,PhaseNet:instance,1500,831,0.2713333333333333,0.4897713598074609,0.34920634920634924,0.02,0.35733333333333334,0.3842293906810036,0.0863982428194856,0.35733333333333334,1290.0
track2-swarm,West Bohemia 2018,P,PhaseNet:jma_wc,1500,3698,0.5846666666666667,0.23715521903731746,0.33743747595228935,0.48,0.49866666666666665,0.36684649337910735,0.1,0.704,5900.0
track2-swarm,West Bohemia 2018,P,PhaseNet:original,1500,3647,0.616,0.2533589251439539,0.35904410336118125,0.5,0.5473333333333333,0.37065462753950335,,,
track2-swarm,West Bohemia 2018,P,PhaseNet:quakescope2026,1500,3686,0.616,0.25067824199674443,0.3563440030852294,0.54,0.508,0.38552997723248167,0.1,0.724,5526.0
track2-swarm,West Bohemia 2018,P,PhaseNet:scedc,1500,1133,0.2693333333333333,0.35657546337157986,0.30687428788454235,0.02,0.2693333333333333,0.30687428788454235,0.4087626139605634,0.2693333333333333,1133.0
track2-swarm,West Bohemia 2018,P,PhaseNet:stead,1500,1266,0.34933333333333333,0.41390205371248023,0.378886478669559,0.02,0.3526666666666667,0.37948350071736014,0.2680983275901736,0.3526666666666667,1288.0
track2-swarm,West Bohemia 2018,P,PhaseNet:volpick,1500,2748,0.5173333333333333,0.2823871906841339,0.36534839924670437,0.46,0.476,0.3696608853222884,0.39,0.5173333333333333,2748.0
track2-swarm,West Bohemia 2018,S,EQTransformer:instance,1638,817,0.25518925518925517,0.5116279069767442,0.34052953156822807,0.06,0.40415140415140416,0.3864565090484531,0.00546712,0.525030525030525,2943.0
track2-swarm,West Bohemia 2018,S,EQTransformer:original,1638,2128,0.4517704517704518,0.34774436090225563,0.39298990971853426,0.56,0.4267399267399267,0.39999999999999997,,,
track2-swarm,West Bohemia 2018,S,PhaseNet:diting,1638,1699,0.3308913308913309,0.3190111830488523,0.3248426730596344,0.32,0.3253968253968254,0.3266932270916335,0.3,0.3308913308913309,1699.0
track2-swarm,West Bohemia 2018,S,PhaseNet:instance,1638,809,0.257020757020757,0.5203955500618047,0.3440948099713935,0.12,0.3089133089133089,0.36867030965391623,0.1194333034644735,0.3089133089133089,1109.0
track2-swarm,West Bohemia 2018,S,PhaseNet:jma_wc,1638,3678,0.568986568986569,0.25339858618814576,0.35063957863054923,0.44,0.49511599511599513,0.3675504192159529,0.1,0.6935286935286935,5413.0
track2-swarm,West Bohemia 2018,S,PhaseNet:original,1638,3790,0.6178266178266179,0.2670184696569921,0.37288135593220345,0.6,0.521978021978022,0.37873754152823924,,,
track2-swarm,West Bohemia 2018,S,PhaseNet:quakescope2026,1638,3566,0.5695970695970696,0.26163768928771736,0.3585703305149885,0.46,0.48595848595848595,0.3747645951035782,0.1,0.7057387057387058,5205.0
track2-swarm,West Bohemia 2018,S,PhaseNet:scedc,1638,1178,0.29304029304029305,0.4074702886247878,0.34090909090909094,0.02,0.29304029304029305,0.34090909090909094,0.4039903966026159,0.29304029304029305,1178.0
track2-swarm,West Bohemia 2018,S,PhaseNet:stead,1638,1390,0.3498168498168498,0.41223021582733815,0.3784676354029062,0.02,0.35653235653235654,0.38107667210440455,0.2607360032861827,0.35653235653235654,1427.0
track2-swarm,West Bohemia 2018,S,PhaseNet:volpick,1638,3202,0.5366300366300366,0.2745159275452842,0.36322314049586774,0.4,0.5,0.3661153330353151,0.34,0.5366300366300366,3202.0
track2-vt,Etna edifice 2022-2024,P,EQTransformer:instance,195,876,0.8358974358974359,0.1860730593607306,0.3043884220354809,0.78,0.6051282051282051,0.42142857142857143,0.00546712,0.9692307692307692,2213.0
track2-vt,Etna edifice 2022-2024,P,EQTransformer:original,195,398,0.6102564102564103,0.2989949748743719,0.40134907251264756,0.18,0.6871794871794872,0.41358024691358025,,,
track2-vt,Etna edifice 2022-2024,P,PhaseNet:diting,195,982,0.8769230769230769,0.17413441955193482,0.2905692438402719,0.68,0.5538461538461539,0.48430493273542596,0.3,0.8769230769230769,982.0
track2-vt,Etna edifice 2022-2024,P,PhaseNet:instance,195,790,0.8974358974358975,0.22151898734177214,0.35532994923857864,0.76,0.6820512820512821,0.4845173041894353,0.0863982428194856,0.9333333333333333,1307.0
track2-vt,Etna edifice 2022-2024,P,PhaseNet:jma_wc,195,2979,0.9435897435897436,0.06176569318563276,0.11594202898550725,0.94,0.3641025641025641,0.33729216152019004,0.1,0.9743589743589743,10664.0
track2-vt,Etna edifice 2022-2024,P,PhaseNet:original,195,1325,0.9282051282051282,0.13660377358490566,0.2381578947368421,0.9,0.6102564102564103,0.3510324483775812,,,
track2-vt,Etna edifice 2022-2024,P,PhaseNet:quakescope2026,195,1927,0.9333333333333333,0.09444732745199792,0.17153628652214892,0.94,0.3487179487179487,0.3090909090909091,0.1,0.9692307692307692,5647.0
track2-vt,Etna edifice 2022-2024,P,PhaseNet:scedc,195,720,0.8153846153846154,0.22083333333333333,0.34754098360655733,0.64,0.517948717948718,0.3726937269372694,0.4087626139605634,0.8153846153846154,720.0
track2-vt,Etna edifice 2022-2024,P,PhaseNet:stead,195,574,0.6974358974358974,0.23693379790940766,0.35370611183355005,0.72,0.5692307692307692,0.46934460887949264,0.2680983275901736,0.6974358974358974,605.0
track2-vt,Etna edifice 2022-2024,P,PhaseNet:volpick,195,1024,0.9076923076923077,0.1728515625,0.29040196882690733,0.86,0.49743589743589745,0.40585774058577406,0.39,0.9076923076923077,1024.0
track2-vt,Etna edifice 2022-2024,S,EQTransformer:instance,142,426,0.5492957746478874,0.18309859154929578,0.2746478873239437,0.64,0.31690140845070425,0.33707865168539325,0.00546712,0.6901408450704225,1225.0
track2-vt,Etna edifice 2022-2024,S,EQTransformer:original,142,331,0.45774647887323944,0.19637462235649547,0.2748414376321353,0.54,0.38028169014084506,0.31034482758620685,,,
track2-vt,Etna edifice 2022-2024,S,PhaseNet:diting,142,616,0.5140845070422535,0.1185064935064935,0.19261213720316625,0.56,0.2605633802816901,0.28461538461538466,0.3,0.5140845070422535,616.0
track2-vt,Etna edifice 2022-2024,S,PhaseNet:instance,142,389,0.5985915492957746,0.2185089974293059,0.32015065913371,0.36,0.5774647887323944,0.33814432989690724,0.1194333034644735,0.647887323943662,622.0
track2-vt,Etna edifice 2022-2024,S,PhaseNet:jma_wc,142,879,0.5211267605633803,0.08418657565415244,0.14495592556317335,0.56,0.34507042253521125,0.23444976076555024,0.1,0.7464788732394366,3396.0
track2-vt,Etna edifice 2022-2024,S,PhaseNet:original,142,1112,0.5563380281690141,0.0710431654676259,0.12599681020733652,0.76,0.3380281690140845,0.25531914893617025,,,
track2-vt,Etna edifice 2022-2024,S,PhaseNet:quakescope2026,142,672,0.5140845070422535,0.10863095238095238,0.17936117936117937,0.68,0.2746478873239437,0.26712328767123283,0.1,0.6971830985915493,2171.0
track2-vt,Etna edifice 2022-2024,S,PhaseNet:scedc,142,80,0.09154929577464789,0.1625,0.11711711711711711,0.02,0.09154929577464789,0.11711711711711711,0.4039903966026159,0.09154929577464789,80.0
track2-vt,Etna edifice 2022-2024,S,PhaseNet:stead,142,1341,0.6197183098591549,0.06562266964951528,0.1186783546864464,0.86,0.3873239436619718,0.3886925795053004,0.2607360032861827,0.647887323943662,1545.0
track2-vt,Etna edifice 2022-2024,S,PhaseNet:volpick,142,747,0.6267605633802817,0.11914323962516733,0.20022497187851515,0.64,0.352112676056338,0.26666666666666666,0.34,0.6267605633802817,747.0
