track,model,n_ref,emitted,swaps,swap_rate
track1-western-us,EQTransformer:instance,1121,1549,0,0.0
track1-western-us,EQTransformer:original,1121,1686,0,0.0
track1-western-us,PhaseNet:diting,1121,2033,0,0.0
track1-western-us,PhaseNet:instance,1121,1618,0,0.0
track1-western-us,PhaseNet:jma_wc,1121,3479,0,0.0
track1-western-us,PhaseNet:original,1121,3478,0,0.0
track1-western-us,PhaseNet:quakescope2026,1121,2705,0,0.0
track1-western-us,PhaseNet:scedc,1121,936,0,0.0
track1-western-us,PhaseNet:stead,1121,1504,0,0.0
track1-western-us,PhaseNet:volpick,1121,2698,0,0.0
track2-msas,EQTransformer:instance,2898,3602,0,0.0
track2-msas,EQTransformer:original,2898,3453,0,0.0
track2-msas,PhaseNet:diting,2898,4073,0,0.0
track2-msas,PhaseNet:instance,2898,4096,0,0.0
track2-msas,PhaseNet:jma_wc,2898,8173,0,0.0
track2-msas,PhaseNet:original,2898,10744,0,0.0
track2-msas,PhaseNet:quakescope2026,2898,7583,0,0.0
track2-msas,PhaseNet:scedc,2898,2150,0,0.0
track2-msas,PhaseNet:stead,2898,5586,0,0.0
track2-msas,PhaseNet:volpick,2898,6722,0,0.0
track2-swarm,EQTransformer:instance,6046,6639,0,0.0
track2-swarm,EQTransformer:original,6046,7952,0,0.0
track2-swarm,PhaseNet:diting,6046,9590,0,0.0
track2-swarm,PhaseNet:instance,6046,6706,0,0.0
track2-swarm,PhaseNet:jma_wc,6046,19772,0,0.0
track2-swarm,PhaseNet:original,6046,16269,0,0.0
track2-swarm,PhaseNet:quakescope2026,6046,15460,0,0.0
track2-swarm,PhaseNet:scedc,6046,6404,0,0.0
track2-swarm,PhaseNet:stead,6046,6855,0,0.0
track2-swarm,PhaseNet:volpick,6046,13871,0,0.0
track2-vt,EQTransformer:instance,337,1302,0,0.0
track2-vt,EQTransformer:original,337,729,0,0.0
track2-vt,PhaseNet:diting,337,1598,0,0.0
track2-vt,PhaseNet:instance,337,1179,0,0.0
track2-vt,PhaseNet:jma_wc,337,3858,0,0.0
track2-vt,PhaseNet:original,337,2437,0,0.0
track2-vt,PhaseNet:quakescope2026,337,2599,0,0.0
track2-vt,PhaseNet:scedc,337,800,0,0.0
track2-vt,PhaseNet:stead,337,1915,0,0.0
track2-vt,PhaseNet:volpick,337,1771,0,0.0
