track,sequence,phase,model,n,mae,rmse,medae,bias,p10,p90,gross_error_rate,within_0.1,within_0.25,within_0.5
track1-western-us,Mendocino 2024,P,EQTransformer:instance,146,0.15454660213156923,0.2598105380553126,0.0831000804901123,0.05178475379943848,-0.07953083515167236,0.3017849922180176,0.04794520547945205,0.5205479452054794,0.8493150684931506,0.952054794520548
track1-western-us,Mendocino 2024,P,EQTransformer:original,163,0.1365710796754053,0.26450722128573356,0.059999704360961914,0.009999752044677734,-0.1595310688018799,0.21857390403747584,0.049079754601226995,0.6134969325153374,0.852760736196319,0.950920245398773
track1-western-us,Mendocino 2024,P,PhaseNet:diting,147,0.1517185386346311,0.28088851524548897,0.06690001487731934,-0.00690007209777832,-0.10690007209777833,0.3460474491119385,0.08163265306122448,0.6190476190476191,0.8503401360544217,0.9183673469387755
track1-western-us,Mendocino 2024,P,PhaseNet:instance,170,0.10164095233468448,0.19123887379111396,0.05821514129638672,0.0004690885543823242,-0.09953095912933349,0.1817321300506591,0.029411764705882353,0.6882352941176471,0.9176470588235294,0.9705882352941176
track1-western-us,Mendocino 2024,P,PhaseNet:jma_wc,184,0.10414991171463676,0.2126414494337386,0.03309977054595947,0.0030999183654785156,-0.06389992237091063,0.21231088638305667,0.02717391304347826,0.7282608695652174,0.8858695652173914,0.9728260869565217
track1-western-us,Mendocino 2024,P,PhaseNet:original,155,0.19498062749062814,0.3308008849470775,0.08046913146972656,0.07310009002685547,-0.004139900207519529,0.4704695701599121,0.1032258064516129,0.5419354838709678,0.7741935483870968,0.896774193548387
track1-western-us,Mendocino 2024,P,PhaseNet:quakescope2026,171,0.11270120548225983,0.22265592839917087,0.03953099250793457,0.019999980926513672,-0.0569000244140625,0.25,0.05263157894736842,0.7076023391812866,0.8830409356725146,0.9473684210526315
track1-western-us,Mendocino 2024,P,PhaseNet:scedc,77,0.1297657551703515,0.1977966462503539,0.0830998420715332,0.06310009956359863,-0.04676008224487304,0.2615214347839356,0.03896103896103896,0.5584415584415584,0.8571428571428571,0.961038961038961
track1-western-us,Mendocino 2024,P,PhaseNet:stead,111,0.14171560820158538,0.2845244006999454,0.05953025817871094,0.0030999183654785156,-0.07689976692199707,0.2904689311981201,0.06306306306306306,0.6666666666666666,0.8468468468468469,0.9369369369369369
track1-western-us,Mendocino 2024,P,PhaseNet:volpick,179,0.13923615716689125,0.25130515715687485,0.0569000244140625,0.03000020980834961,-0.06190629005432128,0.3364800453186038,0.055865921787709494,0.6480446927374302,0.8379888268156425,0.9441340782122905
track1-western-us,Mendocino 2024,S,EQTransformer:instance,74,0.12902488901808457,0.17058916064726726,0.08999943733215332,0.00046944618225097656,-0.22468922138214112,0.2074699640274048,0.013513513513513514,0.5540540540540541,0.8648648648648649,0.9864864864864865
track1-western-us,Mendocino 2024,S,EQTransformer:original,90,0.11700275474124484,0.18540362827727613,0.08046901226043701,0.005469918251037598,-0.10716328620910645,0.2514698266983033,0.05555555555555555,0.6222222222222222,0.8888888888888888,0.9444444444444444
track1-western-us,Mendocino 2024,S,PhaseNet:diting,80,0.14706093370914458,0.22107140524884733,0.10953056812286377,-0.06821489334106445,-0.2115307569503784,0.13583703041076683,0.0625,0.475,0.8875,0.9375
track1-western-us,Mendocino 2024,S,PhaseNet:instance,73,0.12785448766734503,0.1840818948736596,0.08952999114990234,-0.026900053024291992,-0.19753026962280273,0.1889959812164305,0.0547945205479452,0.5616438356164384,0.8904109589041096,0.9452054794520548
track1-western-us,Mendocino 2024,S,PhaseNet:jma_wc,84,0.14264869406109765,0.22403832158450257,0.07953000068664551,-0.023215413093566895,-0.16653015613555908,0.18925838470458994,0.08333333333333333,0.5833333333333334,0.8690476190476191,0.9166666666666666
track1-western-us,Mendocino 2024,S,PhaseNet:original,95,0.1844268899214895,0.27886711838729206,0.10046982765197754,0.0904700756072998,-0.019530630111694335,0.5160477638244633,0.10526315789473684,0.4842105263157895,0.7578947368421053,0.8947368421052632
track1-western-us,Mendocino 2024,S,PhaseNet:quakescope2026,76,0.1255420634621068,0.20821853239659463,0.07046949863433838,0.02178490161895752,-0.10953092575073242,0.30046963691711426,0.06578947368421052,0.6578947368421053,0.881578947368421,0.9342105263157895
track1-western-us,Mendocino 2024,S,PhaseNet:scedc,19,0.10251793108488384,0.14576296153593613,0.0569002628326416,0.000469207763671875,-0.12553091049194337,0.22846922874450676,0.0,0.5789473684210527,0.8947368421052632,1.0
track1-western-us,Mendocino 2024,S,PhaseNet:stead,90,0.1716554880142212,0.26507175684306217,0.10046947002410889,0.04678499698638916,-0.09053027629852295,0.43046913146972654,0.08888888888888889,0.4888888888888889,0.7888888888888889,0.9111111111111111
track1-western-us,Mendocino 2024,S,PhaseNet:volpick,92,0.1642642124839451,0.2588039940162065,0.08178496360778809,0.026784420013427734,-0.14826717376708984,0.395732378959656,0.08695652173913043,0.5543478260869565,0.8260869565217391,0.9130434782608695
track1-western-us,Monroe WA,P,EQTransformer:instance,35,0.04320003645760673,0.05824715431098655,0.030000686645507812,0.009999752044677734,-0.04263992309570312,0.08600006103515627,0.0,0.9428571428571428,1.0,1.0
track1-western-us,Monroe WA,P,EQTransformer:original,34,0.05387073404648725,0.0930145522376582,0.029999971389770508,-9.5367431640625e-07,-0.0714799404144287,0.07000010013580323,0.0,0.9117647058823529,0.9705882352941176,1.0
track1-western-us,Monroe WA,P,PhaseNet:diting,35,0.041843904767717634,0.050094910190090686,0.039999961853027344,-0.039999961853027344,-0.07096009254455567,0.019999980926513672,0.0,0.9714285714285714,1.0,1.0
track1-western-us,Monroe WA,P,PhaseNet:instance,35,0.03108585902622768,0.043653830460992686,0.020000934600830078,-0.01999974250793457,-0.050960445404052736,0.026000070571899427,0.0,0.9428571428571428,1.0,1.0
track1-western-us,Monroe WA,P,PhaseNet:jma_wc,35,0.022514411381312778,0.0297312315603598,0.020000219345092773,-0.010000228881835938,-0.031600141525268556,0.020000123977661134,0.0,0.9714285714285714,1.0,1.0
track1-western-us,Monroe WA,P,PhaseNet:original,34,0.03741163365981158,0.05145461605825128,0.029998779296875,0.029998779296875,-6.675720214843747e-07,0.0695199966430664,0.0,0.9705882352941176,1.0,1.0
track1-western-us,Monroe WA,P,PhaseNet:quakescope2026,35,0.031382969447544644,0.04599930900343089,0.019999980926513672,0.0,-0.030000591278076173,0.059999942779541016,0.0,0.9428571428571428,1.0,1.0
track1-western-us,Monroe WA,P,PhaseNet:scedc,34,0.04425887500538545,0.0576872435973686,0.039999961853027344,0.01999950408935547,-0.03699996471405029,0.10399973392486571,0.0,0.8823529411764706,1.0,1.0
track1-western-us,Monroe WA,P,PhaseNet:stead,33,0.041854721127134384,0.0532092643414863,0.031599998474121094,-0.030000925064086914,-0.08799991607666015,0.009999752044677734,0.0,0.9090909090909091,1.0,1.0
track1-western-us,Monroe WA,P,PhaseNet:volpick,35,0.04185150691441127,0.05238153633430568,0.03839993476867676,-0.020000934600830078,-0.06599993705749511,0.040000104904174806,0.0,0.9714285714285714,1.0,1.0
track1-western-us,Monroe WA,S,EQTransformer:instance,22,0.15741842443292792,0.19299563161540728,0.13500046730041504,-0.13500046730041504,-0.32699999809265134,-0.07200002670288082,0.045454545454545456,0.2727272727272727,0.8636363636363636,0.9545454545454546
track1-western-us,Monroe WA,S,EQTransformer:original,22,0.10060019926591353,0.1446569785482208,0.06000053882598877,-0.06000053882598877,-0.30900001525878906,0.007999134063720745,0.0,0.6818181818181818,0.8636363636363636,1.0
track1-western-us,Monroe WA,S,PhaseNet:diting,22,0.13922439921985974,0.17319550155263583,0.106667160987854,-0.106667160987854,-0.3147733449935913,-0.051599764823913576,0.0,0.4090909090909091,0.8181818181818182,1.0
track1-western-us,Monroe WA,S,PhaseNet:instance,22,0.16089119694449686,0.1897621859915056,0.13500022888183594,-0.13500022888183594,-0.3250000238418579,-0.0544399738311767,0.0,0.3181818181818182,0.8181818181818182,1.0
track1-western-us,Monroe WA,S,PhaseNet:jma_wc,22,0.10256384719501842,0.1501435891673398,0.05500006675720215,-0.05500006675720215,-0.27500004768371583,-0.010160851478576656,0.0,0.6363636363636364,0.8636363636363636,1.0
track1-western-us,Monroe WA,S,PhaseNet:original,22,0.07090913165699352,0.1084384000128768,0.03500020503997803,-0.015000343322753906,-0.2364398956298828,0.038839316368103054,0.0,0.7727272727272727,0.9545454545454546,1.0
track1-western-us,Monroe WA,S,PhaseNet:quakescope2026,22,0.08741832863200795,0.1372217190318431,0.04500007629394531,-0.03580069541931152,-0.2649998664855957,0.009840202331542973,0.0,0.7272727272727273,0.8636363636363636,1.0
track1-western-us,Monroe WA,S,PhaseNet:scedc,20,0.07942013740539551,0.11586223708665186,0.04999947547912598,-0.020000457763671875,-0.08300108909606933,0.11484012603759773,0.0,0.75,0.95,1.0
track1-western-us,Monroe WA,S,PhaseNet:stead,22,0.0901457288048484,0.1350636040793652,0.05500006675720215,-0.05500006675720215,-0.26399984359741213,-0.002440023422241193,0.0,0.7272727272727273,0.8636363636363636,1.0
track1-western-us,Monroe WA,S,PhaseNet:volpick,22,0.11210936849767511,0.15463157202605676,0.07500052452087402,-0.07500052452087402,-0.31700003147125244,-0.030160617828369138,0.0,0.7272727272727273,0.8636363636363636,1.0
track1-western-us,Monte Cristo,P,EQTransformer:instance,12,0.08861660957336426,0.13097153617348864,0.058299899101257324,-0.0016999244689941406,-0.09169983863830566,0.10329997539520265,0.0,0.75,0.9166666666666666,1.0
track1-western-us,Monte Cristo,P,EQTransformer:original,8,0.10582494735717773,0.1319379714183203,0.0866999626159668,0.033299922943115234,-0.08470001220703124,0.20130004882812497,0.0,0.625,0.875,1.0
track1-western-us,Monte Cristo,P,PhaseNet:diting,12,0.18113331000010172,0.4280095723436199,0.06170010566711426,-0.03169989585876465,-0.1307000160217285,0.06930022239685062,0.08333333333333333,0.6666666666666666,0.9166666666666666,0.9166666666666666
track1-western-us,Monte Cristo,P,PhaseNet:instance,15,0.1843400478363037,0.4032517473691591,0.09829998016357422,-0.08170008659362793,-0.12770004272460939,0.09829988479614257,0.06666666666666667,0.5333333333333333,0.9333333333333333,0.9333333333333333
track1-western-us,Monte Cristo,P,PhaseNet:jma_wc,15,0.17833998998006184,0.4083894932380474,0.05170011520385742,-0.011700153350830078,-0.12369980812072753,0.06429991722106933,0.13333333333333333,0.7333333333333333,0.8666666666666667,0.8666666666666667
track1-western-us,Monte Cristo,P,PhaseNet:original,14,0.11167139666421073,0.25522656539336064,0.04999983310699463,-0.011700034141540527,-0.07169985771179199,0.07329976558685308,0.07142857142857142,0.8571428571428571,0.9285714285714286,0.9285714285714286
track1-western-us,Monte Cristo,P,PhaseNet:quakescope2026,13,0.1614076357621413,0.4311053408413447,0.04830002784729004,0.008299827575683594,-0.10369982719421386,0.06629996299743653,0.07692307692307693,0.7692307692307693,0.9230769230769231,0.9230769230769231
track1-western-us,Monte Cristo,P,PhaseNet:scedc,4,0.2833000421524048,0.3585162153133276,0.1883000135421753,0.1883000135421753,0.12230019569396973,0.5202999114990235,0.25,0.25,0.75,0.75
track1-western-us,Monte Cristo,P,PhaseNet:stead,5,0.06565999984741211,0.07669733899822138,0.0717000961303711,0.01830005645751953,-0.07770009040832519,0.08829984664916993,0.0,0.8,1.0,1.0
track1-western-us,Monte Cristo,P,PhaseNet:volpick,16,0.17042496800422668,0.37671262415664614,0.09169995784759521,-0.0317000150680542,-0.14170002937316895,0.09329986572265625,0.0625,0.5,0.875,0.9375
track1-western-us,Monte Cristo,S,EQTransformer:instance,11,0.36015458540482953,0.47930708894961743,0.22169995307922363,-0.09170007705688477,-0.2417001724243164,0.6782999038696289,0.18181818181818182,0.18181818181818182,0.6363636363636364,0.8181818181818182
track1-western-us,Monte Cristo,S,EQTransformer:original,10,0.4203400373458862,0.5630798514337235,0.21000003814697266,-0.16170001029968262,-0.4557000160217285,0.9823000907897949,0.3,0.1,0.6,0.7
track1-western-us,Monte Cristo,S,PhaseNet:diting,11,0.4044091484763406,0.5121548065522809,0.28170013427734375,-0.20170021057128906,-0.3717000484466553,0.6882998943328857,0.2727272727272727,0.09090909090909091,0.36363636363636365,0.7272727272727273
track1-western-us,Monte Cristo,S,PhaseNet:instance,8,0.35460013151168823,0.48627637628332776,0.22670018672943115,-0.16170012950897217,-0.4077001571655273,0.40930013656616193,0.25,0.125,0.625,0.75
track1-western-us,Monte Cristo,S,PhaseNet:jma_wc,8,0.4079250395298004,0.5210281954264901,0.2717001438140869,-0.15170001983642578,-0.29970011711120603,0.8412998914718627,0.25,0.125,0.25,0.75
track1-western-us,Monte Cristo,S,PhaseNet:original,11,0.3668272928758101,0.5369829592033778,0.20169997215270996,-0.08170008659362793,-0.34170007705688477,0.7582998275756836,0.2727272727272727,0.2727272727272727,0.5454545454545454,0.7272727272727273
track1-western-us,Monte Cristo,S,PhaseNet:quakescope2026,6,0.3739000956217448,0.5188309690252684,0.25500011444091797,-0.12170016765594482,-0.3017001152038574,0.6983000040054321,0.16666666666666666,0.16666666666666666,0.5,0.8333333333333334
track1-western-us,Monte Cristo,S,PhaseNet:scedc,6,0.2572334210077922,0.5286885458628108,0.06670010089874268,-0.016700148582458496,-0.06670010089874268,0.6883000135421753,0.16666666666666666,0.8333333333333334,0.8333333333333334,0.8333333333333334
track1-western-us,Monte Cristo,S,PhaseNet:stead,12,0.4239000082015991,0.5576810951659191,0.23000013828277588,-0.1267000436782837,-0.31170010566711426,0.8942999124526978,0.3333333333333333,0.16666666666666666,0.5833333333333334,0.6666666666666666
track1-western-us,Monte Cristo,S,PhaseNet:volpick,12,0.41056670745213825,0.5453572716095978,0.2417001724243164,-0.11670005321502686,-0.277700138092041,0.8902999162673951,0.3333333333333333,0.08333333333333333,0.5833333333333334,0.6666666666666666
track1-western-us,Ridgecrest,P,EQTransformer:instance,78,0.12455793221791585,0.2666750275907568,0.049953341484069824,0.028300046920776367,-0.04467208385467529,0.18129997253417965,0.05128205128205128,0.7051282051282052,0.9102564102564102,0.9487179487179487
track1-western-us,Ridgecrest,P,EQTransformer:original,77,0.1512307408568147,0.3937631620537722,0.028393268585205078,0.028299808502197266,-0.03170013427734375,0.18030014038085984,0.06493506493506493,0.7922077922077922,0.8961038961038961,0.935064935064935
track1-western-us,Ridgecrest,P,PhaseNet:diting,98,0.06613029265890316,0.1853174423144101,0.03170013427734375,-0.021700143814086914,-0.06467220783233642,0.04832799434661865,0.02040816326530612,0.8979591836734694,0.9795918367346939,0.9795918367346939
track1-western-us,Ridgecrest,P,PhaseNet:instance,79,0.10259083856510211,0.2666566032927513,0.03169989585876465,-0.011700153350830078,-0.05368146896362304,0.09031863212585452,0.05063291139240506,0.8607594936708861,0.9240506329113924,0.9493670886075949
track1-western-us,Ridgecrest,P,PhaseNet:jma_wc,217,0.10688403564664076,0.3113713716289511,0.02169966697692871,-0.0016999244689941406,-0.041699981689453124,0.06830000877380371,0.06912442396313365,0.8894009216589862,0.9262672811059908,0.9308755760368663
track1-western-us,Ridgecrest,P,PhaseNet:original,246,0.15306786986870494,0.371673186710807,0.038300156593322754,0.028300046920776367,-0.03670024871826172,0.1483464241027832,0.08536585365853659,0.7886178861788617,0.8943089430894309,0.9146341463414634
track1-western-us,Ridgecrest,P,PhaseNet:quakescope2026,221,0.09814768679001752,0.2886189186348883,0.028300046920776367,-0.0016999244689941406,-0.06160712242126465,0.08829975128173828,0.049773755656108594,0.8778280542986425,0.9457013574660633,0.9502262443438914
track1-western-us,Ridgecrest,P,PhaseNet:scedc,44,0.257264489477331,0.4981382780086983,0.11829996109008789,0.10329997539520264,0.028300046920776367,0.2723000526428223,0.11363636363636363,0.4772727272727273,0.8181818181818182,0.8863636363636364
track1-western-us,Ridgecrest,P,PhaseNet:stead,96,0.14364434778690338,0.37006263932614725,0.03160703182220459,-0.0017001628875732422,-0.05669999122619629,0.14830005168914795,0.08333333333333333,0.8125,0.90625,0.9166666666666666
track1-western-us,Ridgecrest,P,PhaseNet:volpick,159,0.0892081230691394,0.25552245909299875,0.0382997989654541,-0.0016071796417236328,-0.05170035362243652,0.0902999401092531,0.031446540880503145,0.8805031446540881,0.949685534591195,0.9685534591194969
track1-western-us,Ridgecrest,S,EQTransformer:instance,55,0.11627285697243431,0.19886838626702866,0.06830000877380371,-0.0017001628875732422,-0.09764437675476074,0.17629976272583012,0.01818181818181818,0.6909090909090909,0.8909090909090909,0.9818181818181818
track1-western-us,Ridgecrest,S,EQTransformer:original,85,0.11751286843243768,0.29145530199703606,0.041700124740600586,-0.0016999244689941406,-0.08764414787292481,0.1542999267578126,0.058823529411764705,0.8,0.9411764705882353,0.9411764705882353
track1-western-us,Ridgecrest,S,PhaseNet:diting,79,0.15554717522633227,0.31343776202170237,0.0717000961303711,-0.05160689353942871,-0.1437000274658203,0.08429985046386727,0.0759493670886076,0.620253164556962,0.8860759493670886,0.9240506329113924
track1-western-us,Ridgecrest,S,PhaseNet:instance,60,0.14444584051767986,0.2918667631388231,0.061699748039245605,-0.03665351867675781,-0.11261637210845947,0.2302999019622806,0.08333333333333333,0.7333333333333333,0.8666666666666667,0.9166666666666666
track1-western-us,Ridgecrest,S,PhaseNet:jma_wc,157,0.136912376258024,0.31312190424108527,0.041700124740600586,-0.021607160568237305,-0.10570006370544432,0.13829994201660156,0.07643312101910828,0.7770700636942676,0.8853503184713376,0.9235668789808917
track1-western-us,Ridgecrest,S,PhaseNet:original,239,0.15982570408777214,0.34939042134009557,0.04830002784729004,0.028393030166625977,-0.041700124740600586,0.21830010414123535,0.09623430962343096,0.7071129707112971,0.8786610878661087,0.9037656903765691
track1-western-us,Ridgecrest,S,PhaseNet:quakescope2026,167,0.1287735465044033,0.3227581447788027,0.0383000373840332,0.008299827575683594,-0.07170019149780274,0.10833730697631835,0.0718562874251497,0.7964071856287425,0.9041916167664671,0.9281437125748503
track1-western-us,Ridgecrest,S,PhaseNet:scedc,31,0.18993873750009843,0.28767890854073674,0.08170008659362793,0.04830002784729004,-0.17170000076293945,0.41829991340637207,0.12903225806451613,0.5483870967741935,0.7741935483870968,0.8709677419354839
track1-western-us,Ridgecrest,S,PhaseNet:stead,112,0.13616220014435904,0.3099991954809069,0.041700005531311035,-0.011699914932250977,-0.12070007324218748,0.12629997730255138,0.08035714285714286,0.7321428571428571,0.8928571428571429,0.9196428571428571
track1-western-us,Ridgecrest,S,PhaseNet:volpick,150,0.10969116687774658,0.22543658928183175,0.05170011520385742,-0.021699905395507812,-0.11169986724853516,0.11830925941467285,0.04666666666666667,0.7466666666666667,0.9133333333333333,0.9533333333333334
track1-western-us,San Simeon,P,EQTransformer:instance,58,0.11577586469979122,0.26337118105495727,0.05570000410079956,-0.005800008773803711,-0.19579998254776002,0.09052003622055062,0.017241379310344827,0.7241379310344828,0.9137931034482759,0.9827586206896551
track1-western-us,San Simeon,P,EQTransformer:original,47,0.09827234389934134,0.17295082567586975,0.05560004711151123,0.004400014877319336,-0.09072000980377197,0.11428008079528809,0.0425531914893617,0.7872340425531915,0.8936170212765957,0.9574468085106383
track1-western-us,San Simeon,P,PhaseNet:diting,52,0.11619233855834374,0.2761141552193114,0.05580008029937744,-0.055500030517578125,-0.16337991952896116,0.03323996067047118,0.038461538461538464,0.7307692307692307,0.9230769230769231,0.9615384615384616
track1-western-us,San Simeon,P,PhaseNet:instance,60,0.09859332839647929,0.2572622859852373,0.03579998016357422,-0.03579992055892944,-0.16548999547958373,0.01461993455886841,0.03333333333333333,0.7666666666666667,0.95,0.9666666666666667
track1-western-us,San Simeon,P,PhaseNet:jma_wc,58,0.1038068779583635,0.2767570289634837,0.03569990396499634,-0.015600085258483887,-0.10580006837844849,0.05747992992401127,0.05172413793103448,0.8103448275862069,0.9137931034482759,0.9482758620689655
track1-western-us,San Simeon,P,PhaseNet:original,58,0.08764828279100616,0.24765923492043382,0.03440004587173462,0.02815002202987671,-0.025799989700317383,0.12725999355316167,0.034482758620689655,0.8448275862068966,0.9655172413793104,0.9655172413793104
track1-western-us,San Simeon,P,PhaseNet:quakescope2026,58,0.10077930935497942,0.2710892528674563,0.025799989700317383,-0.01530003547668457,-0.09780004024505615,0.09459996223449707,0.05172413793103448,0.8103448275862069,0.9137931034482759,0.9482758620689655
track1-western-us,San Simeon,P,PhaseNet:scedc,33,0.06544242121956566,0.12337516240220694,0.025599956512451172,0.014400005340576172,-0.02555994987487793,0.10420010089874268,0.030303030303030304,0.8181818181818182,0.9696969696969697,0.9696969696969697
track1-western-us,San Simeon,P,PhaseNet:stead,49,0.09300001786679638,0.2681606853624331,0.03419995307922363,-0.015599966049194336,-0.1118000268936157,0.038240075111389216,0.04081632653061224,0.8571428571428571,0.9183673469387755,0.9591836734693877
track1-western-us,San Simeon,P,PhaseNet:volpick,54,0.08917036100670143,0.2573308188144535,0.034399986267089844,-0.005800068378448486,-0.08280001878738402,0.07419991493225098,0.037037037037037035,0.8333333333333334,0.9444444444444444,0.9629629629629629
track1-western-us,San Simeon,S,EQTransformer:instance,12,0.08561666806538899,0.0968549480541118,0.09060001373291016,-0.09060001373291016,-0.12361997365951538,-0.019600081443786607,0.0,0.75,1.0,1.0
track1-western-us,San Simeon,S,EQTransformer:original,16,0.09229997545480728,0.17849051445314865,0.025599956512451172,0.01940000057220459,-0.025599956512451172,0.11939996480941772,0.0625,0.8125,0.875,0.9375
track1-western-us,San Simeon,S,PhaseNet:diting,16,0.11409998685121536,0.17595843035702263,0.06560003757476807,-0.05559992790222168,-0.1555999517440796,0.059300005435943604,0.0625,0.625,0.875,0.9375
track1-western-us,San Simeon,S,PhaseNet:instance,12,0.12300002574920654,0.17734344042056746,0.08560001850128174,-0.08060002326965332,-0.13359997272491456,-0.016600084304809568,0.08333333333333333,0.5833333333333334,0.9166666666666666,0.9166666666666666
track1-western-us,San Simeon,S,PhaseNet:jma_wc,14,0.09882856266839164,0.1930748406703366,0.025599956512451172,-0.020599961280822754,-0.08960001468658448,0.02453993558883667,0.07142857142857142,0.8571428571428571,0.8571428571428571,0.9285714285714286
track1-western-us,San Simeon,S,PhaseNet:original,15,0.11385331948598226,0.19785183346758842,0.054399967193603516,0.054399967193603516,0.012400007247924807,0.11460001468658446,0.06666666666666667,0.8,0.8666666666666667,0.9333333333333333
track1-western-us,San Simeon,S,PhaseNet:quakescope2026,13,0.06872305503258339,0.17521448216567653,0.024399995803833008,0.014399886131286621,-0.021599960327148435,0.04255990982055665,0.07692307692307693,0.9230769230769231,0.9230769230769231,0.9230769230769231
track1-western-us,San Simeon,S,PhaseNet:scedc,8,0.1000249832868576,0.23016860023618735,0.015599966049194336,-0.0006000399589538574,-0.025599992275238036,0.2525399804115295,0.125,0.875,0.875,0.875
track1-western-us,San Simeon,S,PhaseNet:stead,16,0.08627500385046005,0.16563097285317546,0.0350000262260437,-0.0006000399589538574,-0.05560004711151123,0.10940009355545044,0.0625,0.8125,0.875,0.9375
track1-western-us,San Simeon,S,PhaseNet:volpick,14,0.0895714248929705,0.17338286672711167,0.045600056648254395,-0.025600016117095947,-0.0696000337600708,0.07559989690780643,0.07142857142857142,0.8571428571428571,0.9285714285714286,0.9285714285714286
track2-msas,Kaikoura 2016,P,EQTransformer:instance,255,0.26516390220791686,0.4251321213829498,0.15649819374084473,0.09581828117370605,-0.1503366947174072,0.5333183288574218,0.1450980392156863,0.38823529411764707,0.6588235294117647,0.8549019607843137
track2-msas,Kaikoura 2016,P,EQTransformer:original,176,0.2796929261901162,0.4414381805806409,0.17341601848602295,0.13100552558898926,-0.16196322441101074,0.5260944366455078,0.13068181818181818,0.3068181818181818,0.6534090909090909,0.8693181818181818
track2-msas,Kaikoura 2016,P,PhaseNet:diting,205,0.23737892406742747,0.3980390534823709,0.12107992172241211,0.04649806022644043,-0.13985142707824708,0.42164025306701647,0.12195121951219512,0.45365853658536587,0.7170731707317073,0.8780487804878049
track2-msas,Kaikoura 2016,P,PhaseNet:instance,268,0.25349537294302416,0.41582827670033157,0.12250196933746338,0.05155825614929199,-0.14241783618927,0.4860705375671389,0.1417910447761194,0.43656716417910446,0.6865671641791045,0.8582089552238806
track2-msas,Kaikoura 2016,P,PhaseNet:jma_wc,286,0.23567180366782875,0.3876690450144371,0.1183774471282959,0.08062350749969482,-0.10843336582183838,0.4955943822860718,0.12237762237762238,0.4195804195804196,0.7272727272727273,0.8776223776223776
track2-msas,Kaikoura 2016,P,PhaseNet:original,278,0.2645558290344348,0.4160007641569307,0.14936792850494385,0.12269783020019531,-0.057523632049560534,0.5949156284332277,0.1510791366906475,0.37410071942446044,0.6654676258992805,0.8489208633093526
track2-msas,Kaikoura 2016,P,PhaseNet:quakescope2026,272,0.24432403024505167,0.40357417627735626,0.12250053882598877,0.099556565284729,-0.10015935897827148,0.5627706289291384,0.12867647058823528,0.39705882352941174,0.7205882352941176,0.8713235294117647
track2-msas,Kaikoura 2016,P,PhaseNet:scedc,116,0.2586596854801836,0.38025254208453335,0.17060554027557373,0.1530696153640747,-0.09678733348846436,0.5116102695465088,0.12931034482758622,0.3103448275862069,0.6379310344827587,0.8706896551724138
track2-msas,Kaikoura 2016,P,PhaseNet:stead,177,0.19666828139353607,0.3251523529225598,0.12559890747070312,0.06445908546447754,-0.11799511909484864,0.3850277423858643,0.062146892655367235,0.4406779661016949,0.7457627118644068,0.9378531073446328
track2-msas,Kaikoura 2016,P,PhaseNet:volpick,239,0.27331401413953454,0.458496143097163,0.13768482208251953,0.10285711288452148,-0.1037707805633545,0.6181967735290529,0.13389121338912133,0.38493723849372385,0.6861924686192469,0.8661087866108786
track2-msas,Kaikoura 2016,S,EQTransformer:instance,257,0.20409385332337612,0.279621446403574,0.1493849754333496,0.006175994873046875,-0.30217690467834474,0.31797103881835936,0.08171206225680934,0.3735408560311284,0.6926070038910506,0.9182879377431906
track2-msas,Kaikoura 2016,S,EQTransformer:original,272,0.22640122823855457,0.3361623102511015,0.15411913394927979,0.07029712200164795,-0.2148803949356079,0.43862380981445315,0.09926470588235294,0.3602941176470588,0.6580882352941176,0.9007352941176471
track2-msas,Kaikoura 2016,S,PhaseNet:diting,276,0.25235616383345233,0.37848815211022424,0.17623746395111084,-0.03087747097015381,-0.35823941230773926,0.3580840826034546,0.13043478260869565,0.3115942028985507,0.6702898550724637,0.8695652173913043
track2-msas,Kaikoura 2016,S,PhaseNet:instance,256,0.19320095423609018,0.2657716199518097,0.13440096378326416,-0.03758835792541504,-0.3083614110946655,0.30796289443969727,0.046875,0.375,0.71484375,0.953125
track2-msas,Kaikoura 2016,S,PhaseNet:jma_wc,256,0.2019358342513442,0.27677242305721195,0.1442091464996338,-0.02119743824005127,-0.2758568525314331,0.37254858016967773,0.0703125,0.3515625,0.71875,0.9296875
track2-msas,Kaikoura 2016,S,PhaseNet:original,374,0.2643681025122576,0.3806577067161616,0.18852245807647705,0.13680458068847656,-0.15401601791381836,0.5850348472595215,0.13636363636363635,0.3181818181818182,0.6256684491978609,0.8636363636363636
track2-msas,Kaikoura 2016,S,PhaseNet:quakescope2026,249,0.20621309318695683,0.28658592565589697,0.15920305252075195,0.04968714714050293,-0.2432468891143799,0.38282513618469255,0.07630522088353414,0.357429718875502,0.6987951807228916,0.9236947791164659
track2-msas,Kaikoura 2016,S,PhaseNet:scedc,97,0.20576690644333043,0.2672037839186841,0.16708993911743164,0.06938910484313965,-0.2365174293518066,0.37215752601623553,0.08247422680412371,0.31958762886597936,0.6907216494845361,0.9175257731958762
track2-msas,Kaikoura 2016,S,PhaseNet:stead,388,0.25393491307484733,0.3765781914373942,0.16680848598480225,0.07337558269500732,-0.24918766021728517,0.46251914501190206,0.12628865979381443,0.32989690721649484,0.6469072164948454,0.8737113402061856
track2-msas,Kaikoura 2016,S,PhaseNet:volpick,341,0.22362286813797488,0.3227123612383263,0.16396784782409668,0.04125714302062988,-0.20757412910461426,0.44528794288635254,0.10557184750733138,0.3548387096774194,0.6803519061583577,0.8944281524926686
track2-msas,Norcia 2016,P,EQTransformer:instance,412,0.140062473352673,0.3213521741514146,0.0549999475479126,0.020166873931884766,-0.12986345291137696,0.13916678428649937,0.06067961165048544,0.7135922330097088,0.8907766990291263,0.9393203883495146
track2-msas,Norcia 2016,P,EQTransformer:original,295,0.1504188788139214,0.33665202546719003,0.040132999420166016,0.004999876022338867,-0.229866886138916,0.13015346527099608,0.07457627118644068,0.7016949152542373,0.864406779661017,0.9254237288135593
track2-msas,Norcia 2016,P,PhaseNet:diting,330,0.08591182520895294,0.2218739465431819,0.03986692428588867,-0.029866933822631836,-0.10986688137054443,0.03499987125396729,0.02727272727272727,0.8484848484848485,0.9575757575757575,0.9727272727272728
track2-msas,Norcia 2016,P,PhaseNet:instance,453,0.10483013030972176,0.27424356175934517,0.03983306884765625,-0.009866952896118164,-0.10783982276916501,0.08013315200805664,0.04415011037527594,0.8233995584988962,0.9293598233995585,0.9558498896247241
track2-msas,Norcia 2016,P,PhaseNet:jma_wc,588,0.1067679820417547,0.30181601819679865,0.029866933822631836,0.0001329183578491211,-0.09986693859100342,0.07013328075408935,0.05272108843537415,0.8367346938775511,0.923469387755102,0.9472789115646258
track2-msas,Norcia 2016,P,PhaseNet:original,561,0.15077675812597155,0.383563589262475,0.04016685485839844,0.020167112350463867,-0.08983278274536133,0.1201331615447998,0.0766488413547237,0.7629233511586453,0.9037433155080213,0.9233511586452763
track2-msas,Norcia 2016,P,PhaseNet:quakescope2026,560,0.10149167605808802,0.28869816716963,0.029867172241210938,0.0001329183578491211,-0.07983663082122802,0.07016706466674805,0.044642857142857144,0.8392857142857143,0.9339285714285714,0.9553571428571429
track2-msas,Norcia 2016,P,PhaseNet:scedc,152,0.13939059408087479,0.27771171826130236,0.05756652355194092,0.042583346366882324,-0.029866909980773924,0.20016694068908691,0.05921052631578947,0.6118421052631579,0.868421052631579,0.9407894736842105
track2-msas,Norcia 2016,P,PhaseNet:stead,301,0.09070521414874004,0.24607060516029713,0.029867172241210938,-0.014999866485595703,-0.09986710548400879,0.07013297080993652,0.036544850498338874,0.8438538205980066,0.946843853820598,0.9634551495016611
track2-msas,Norcia 2016,P,PhaseNet:volpick,510,0.10643177125968185,0.29010419654541614,0.03983306884765625,-0.009833097457885742,-0.09983303546905517,0.0901329755783081,0.047058823529411764,0.8215686274509804,0.9392156862745098,0.9529411764705882
track2-msas,Norcia 2016,S,EQTransformer:instance,386,0.08767943987574602,0.1546350355805047,0.05983304977416992,0.01016700267791748,-0.10986697673797607,0.1325836181640625,0.0051813471502590676,0.7124352331606217,0.9430051813471503,0.9948186528497409
track2-msas,Norcia 2016,S,EQTransformer:original,334,0.08244569929773936,0.12565352980891767,0.05016684532165527,0.03013324737548828,-0.05500006675720215,0.15713319778442372,0.011976047904191617,0.7095808383233533,0.9401197604790419,0.9880239520958084
track2-msas,Norcia 2016,S,PhaseNet:diting,414,0.08963552304512061,0.17139243261533965,0.06016683578491211,-0.049833059310913086,-0.14499990940093993,0.06016683578491211,0.012077294685990338,0.7294685990338164,0.9685990338164251,0.9879227053140096
track2-msas,Norcia 2016,S,PhaseNet:instance,442,0.08058009589959055,0.12000145031363327,0.059866905212402344,-0.03986680507659912,-0.13934967517852784,0.07013297080993652,0.006787330316742082,0.751131221719457,0.9660633484162896,0.9932126696832579
track2-msas,Norcia 2016,S,PhaseNet:jma_wc,519,0.08898545643727444,0.19964060503009048,0.049833059310913086,-0.019866943359375,-0.12983999252319336,0.07016706466674805,0.017341040462427744,0.8015414258188824,0.9441233140655106,0.9826589595375722
track2-msas,Norcia 2016,S,PhaseNet:original,614,0.11663737475677888,0.2453228842959265,0.06013298034667969,0.05013298988342285,-0.029866933822631836,0.19013309478759766,0.030944625407166124,0.6758957654723127,0.9071661237785016,0.9690553745928339
track2-msas,Norcia 2016,S,PhaseNet:quakescope2026,496,0.0827904708923832,0.1938855688706072,0.040132999420166016,0.010133028030395508,-0.0898667573928833,0.11014997959136963,0.016129032258064516,0.8084677419354839,0.9435483870967742,0.9838709677419355
track2-msas,Norcia 2016,S,PhaseNet:scedc,324,0.12185381371297954,0.16853582880741946,0.0901331901550293,0.08016681671142578,-0.029867100715637206,0.25016682147979735,0.021604938271604937,0.5277777777777778,0.8888888888888888,0.9783950617283951
track2-msas,Norcia 2016,S,PhaseNet:stead,519,0.0861561486716445,0.1802162681835473,0.049833059310913086,0.010133028030395508,-0.09986691474914551,0.12013988494873047,0.017341040462427744,0.7552986512524085,0.9479768786127167,0.9826589595375722
track2-msas,Norcia 2016,S,PhaseNet:volpick,551,0.09890697742330617,0.20744513624621053,0.05500006675720215,-0.019866943359375,-0.13499999046325684,0.09500002861022949,0.023593466424682397,0.7531760435571688,0.9382940108892922,0.9764065335753176
track2-msas,Thessaly 2021,P,EQTransformer:instance,345,0.2961574782495913,0.4738002717783353,0.13457894325256348,0.04965019226074219,-0.2956993103027344,0.6529888153076174,0.19130434782608696,0.4,0.6608695652173913,0.808695652173913
track2-msas,Thessaly 2021,P,EQTransformer:original,263,0.25390158678642244,0.4057409482913458,0.13242006301879883,0.04082179069519043,-0.2962904453277588,0.4917006969451909,0.16730038022813687,0.41064638783269963,0.6844106463878327,0.8326996197718631
track2-msas,Thessaly 2021,P,PhaseNet:diting,284,0.3040614455518588,0.4781716285364847,0.1510770320892334,-0.001806497573852539,-0.42027812004089354,0.6399095296859744,0.20422535211267606,0.4014084507042254,0.6232394366197183,0.795774647887324
track2-msas,Thessaly 2021,P,PhaseNet:instance,355,0.2990428998436726,0.4765823661776058,0.13958287239074707,0.02117919921875,-0.34571557044982915,0.6468891620636004,0.19436619718309858,0.3971830985915493,0.647887323943662,0.8056338028169014
track2-msas,Thessaly 2021,P,PhaseNet:jma_wc,373,0.2995498544728788,0.4779448526316608,0.13689899444580078,0.032672882080078125,-0.3427468776702881,0.6456751346588135,0.20911528150134048,0.40214477211796246,0.6514745308310992,0.7908847184986595
track2-msas,Thessaly 2021,P,PhaseNet:original,356,0.2942290527097295,0.47093848413391204,0.1435694694519043,0.06821012496948242,-0.2535756826400757,0.6805530786514282,0.18820224719101122,0.398876404494382,0.6629213483146067,0.8117977528089888
track2-msas,Thessaly 2021,P,PhaseNet:quakescope2026,350,0.27663303783961707,0.4507755374690473,0.12107968330383301,0.032172441482543945,-0.30936403274536134,0.6162443161010744,0.18857142857142858,0.44857142857142857,0.68,0.8114285714285714
track2-msas,Thessaly 2021,P,PhaseNet:scedc,214,0.27608941537197507,0.4188982522708888,0.16819608211517334,0.07992684841156006,-0.26382880210876464,0.5463004112243655,0.1588785046728972,0.308411214953271,0.6588785046728972,0.8411214953271028
track2-msas,Thessaly 2021,P,PhaseNet:stead,272,0.2586753736524021,0.43072469800696916,0.12048661708831787,0.003587961196899414,-0.4804121732711792,0.31452152729034427,0.16176470588235295,0.44485294117647056,0.7242647058823529,0.8382352941176471
track2-msas,Thessaly 2021,P,PhaseNet:volpick,331,0.27881406153076727,0.4605059366146418,0.11740612983703613,0.01321864128112793,-0.28537917137145996,0.6611011028289795,0.18429003021148035,0.4350453172205438,0.676737160120846,0.8157099697885196
track2-msas,Thessaly 2021,S,EQTransformer:instance,179,0.4193160893530819,0.6364756174833879,0.19826602935791016,0.1421971321105957,-0.13433685302734374,1.2740339756011965,0.2849162011173184,0.29608938547486036,0.5698324022346368,0.7150837988826816
track2-msas,Thessaly 2021,S,EQTransformer:original,194,0.5024770018980675,0.7416179512842613,0.22708392143249512,0.17428803443908691,-0.11117341518402099,1.41559956073761,0.3711340206185567,0.33505154639175255,0.520618556701031,0.6288659793814433
track2-msas,Thessaly 2021,S,PhaseNet:diting,200,0.6140549826622009,0.838724784538546,0.3743835687637329,0.36736154556274414,-0.12635362148284912,1.4658684730529783,0.445,0.225,0.43,0.555
track2-msas,Thessaly 2021,S,PhaseNet:instance,174,0.3648288428098306,0.568587484007198,0.16805100440979004,0.05779099464416504,-0.17292370796203613,1.090815806388856,0.25287356321839083,0.3275862068965517,0.6149425287356322,0.7471264367816092
track2-msas,Thessaly 2021,S,PhaseNet:jma_wc,181,0.40138177450190593,0.6449774238161202,0.1565549373626709,0.06965279579162598,-0.14456605911254883,1.2382948398590088,0.26519337016574585,0.36464088397790057,0.6243093922651933,0.7348066298342542
track2-msas,Thessaly 2021,S,PhaseNet:original,245,0.5839007951775376,0.8254430157073518,0.28865623474121094,0.25689196586608887,-0.06007056236267089,1.5122954845428467,0.4204081632653061,0.2897959183673469,0.46122448979591835,0.5795918367346938
track2-msas,Thessaly 2021,S,PhaseNet:quakescope2026,168,0.37243920990398954,0.6150571287418872,0.1487060785293579,0.06959640979766846,-0.12534608840942382,1.1942884445190434,0.23214285714285715,0.39880952380952384,0.6547619047619048,0.7678571428571429
track2-msas,Thessaly 2021,S,PhaseNet:scedc,83,0.3716833390385272,0.5764746142670387,0.21326684951782227,0.1783428192138672,-0.004407644271850576,1.1497128963470458,0.20481927710843373,0.3253012048192771,0.5903614457831325,0.7951807228915663
track2-msas,Thessaly 2021,S,PhaseNet:stead,256,0.578069481998682,0.8166725076676656,0.3162987232208252,0.24708402156829834,-0.11043441295623779,1.4843209981918335,0.421875,0.3046875,0.46484375,0.578125
track2-msas,Thessaly 2021,S,PhaseNet:volpick,240,0.5640337934096654,0.7983587535131929,0.2834889888763428,0.23976445198059082,-0.12458987236022949,1.4419368982315064,0.4166666666666667,0.2708333333333333,0.4791666666666667,0.5833333333333334
track2-swarm,Jones-Guthrie 2014-2015,P,EQTransformer:instance,202,0.22930850250886217,0.35720932430305535,0.11999988555908203,0.09000015258789062,-0.06949994564056396,0.5745000600814819,0.14356435643564355,0.4603960396039604,0.7079207920792079,0.8564356435643564
track2-swarm,Jones-Guthrie 2014-2015,P,EQTransformer:original,143,0.2601841263004116,0.37496548821697656,0.15900015830993652,0.06500005722045898,-0.21599984169006345,0.5809998512268065,0.16083916083916083,0.38461538461538464,0.6153846153846154,0.8391608391608392
track2-swarm,Jones-Guthrie 2014-2015,P,PhaseNet:diting,198,0.21123225881595803,0.35124630951087255,0.08999991416931152,0.03000020980834961,-0.11650021076202391,0.5698324680328372,0.1111111111111111,0.5353535353535354,0.7222222222222222,0.8888888888888888
track2-swarm,Jones-Guthrie 2014-2015,P,PhaseNet:instance,202,0.20367815234873554,0.33964145597002976,0.09899985790252686,0.047499775886535645,-0.11950011253356933,0.5140000820159912,0.11386138613861387,0.5099009900990099,0.7475247524752475,0.8861386138613861
track2-swarm,Jones-Guthrie 2014-2015,P,PhaseNet:jma_wc,206,0.22390770680696062,0.3701497956780886,0.09999978542327881,0.0699998140335083,-0.08049988746643066,0.6375000476837158,0.1407766990291262,0.5048543689320388,0.7233009708737864,0.8592233009708737
track2-swarm,Jones-Guthrie 2014-2015,P,PhaseNet:original,203,0.26878645737182916,0.40519964817111115,0.12999987602233887,0.12000012397766113,-0.03000020980834961,0.6960000038146975,0.17733990147783252,0.39901477832512317,0.6354679802955665,0.8226600985221675
track2-swarm,Jones-Guthrie 2014-2015,P,PhaseNet:quakescope2026,200,0.21755494832992553,0.3443328948258804,0.10949993133544922,0.08000004291534424,-0.08549981117248534,0.593499708175659,0.14,0.465,0.725,0.86
track2-swarm,Jones-Guthrie 2014-2015,P,PhaseNet:scedc,175,0.22536944253104074,0.349326369187039,0.10899996757507324,0.07999992370605469,-0.07999992370605469,0.5419990062713623,0.13714285714285715,0.4857142857142857,0.6914285714285714,0.8628571428571429
track2-swarm,Jones-Guthrie 2014-2015,P,PhaseNet:stead,161,0.19483228647931022,0.3102541936177643,0.09000015258789062,0.05499982833862305,-0.09000015258789062,0.4849998950958252,0.09937888198757763,0.5279503105590062,0.7267080745341615,0.9006211180124224
track2-swarm,Jones-Guthrie 2014-2015,P,PhaseNet:volpick,199,0.24125288239675552,0.39645371482721564,0.1099996566772461,0.08999967575073242,-0.08100013732910157,0.6120000362396242,0.135678391959799,0.45226130653266333,0.7085427135678392,0.864321608040201
track2-swarm,Jones-Guthrie 2014-2015,S,EQTransformer:instance,70,0.13702856472560337,0.18341123149607785,0.09799981117248535,0.0475001335144043,-0.1409998893737793,0.3110001564025879,0.014285714285714285,0.5,0.8571428571428571,0.9857142857142858
track2-swarm,Jones-Guthrie 2014-2015,S,EQTransformer:original,82,0.1591829439488853,0.24374775560248876,0.09749996662139893,0.08000004291534424,-0.04849996566772462,0.3744999885559082,0.036585365853658534,0.5,0.8048780487804879,0.9634146341463414
track2-swarm,Jones-Guthrie 2014-2015,S,PhaseNet:diting,102,0.17915360366596894,0.30845250676320923,0.1099998950958252,-0.019999980926513672,-0.16000006198883057,0.320000147819519,0.058823529411764705,0.47058823529411764,0.8137254901960784,0.9411764705882353
track2-swarm,Jones-Guthrie 2014-2015,S,PhaseNet:instance,70,0.12127145017896379,0.15642767373463662,0.0979999303817749,-0.020000100135803223,-0.15050029754638672,0.23350021839141852,0.0,0.5,0.8714285714285714,1.0
track2-swarm,Jones-Guthrie 2014-2015,S,PhaseNet:jma_wc,58,0.11287932560361665,0.1564230232858994,0.08599984645843506,0.019999980926513672,-0.11299996376037598,0.2915000438690188,0.0,0.5172413793103449,0.8448275862068966,1.0
track2-swarm,Jones-Guthrie 2014-2015,S,PhaseNet:original,83,0.1942288990480354,0.30784956009483133,0.12000012397766113,0.11500000953674316,-0.02700018882751463,0.4177996635437011,0.060240963855421686,0.4457831325301205,0.7228915662650602,0.9397590361445783
track2-swarm,Jones-Guthrie 2014-2015,S,PhaseNet:quakescope2026,66,0.12140911998170795,0.1708580742409005,0.06999993324279785,0.06249988079071045,-0.060500144958496094,0.3299999237060547,0.0,0.5757575757575758,0.8484848484848485,1.0
track2-swarm,Jones-Guthrie 2014-2015,S,PhaseNet:scedc,24,0.16437503695487976,0.23560905030673507,0.07450008392333984,0.04200005531311035,-0.2565000772476196,0.3179998874664306,0.041666666666666664,0.5416666666666666,0.7083333333333334,0.9583333333333334
track2-swarm,Jones-Guthrie 2014-2015,S,PhaseNet:stead,107,0.18517446072302132,0.28606130937630975,0.1100001335144043,0.05000019073486328,-0.1100001335144043,0.4070000171661377,0.07476635514018691,0.4392523364485981,0.7850467289719626,0.9252336448598131
track2-swarm,Jones-Guthrie 2014-2015,S,PhaseNet:volpick,97,0.22469073226771405,0.37316979840906955,0.1100001335144043,0.10000038146972656,-0.06199975013732909,0.5259998798370363,0.1134020618556701,0.422680412371134,0.7010309278350515,0.8865979381443299
track2-swarm,Maurienne 2017-2019,P,EQTransformer:instance,355,0.1113968164148465,0.22490739182635322,0.052797794342041016,0.034863948822021484,-0.06366157531738281,0.2165160655975342,0.036619718309859155,0.7154929577464789,0.9098591549295775,0.9633802816901409
track2-swarm,Maurienne 2017-2019,P,EQTransformer:original,329,0.1117372607025332,0.20696899407682867,0.0471341609954834,0.004559993743896484,-0.09666991233825684,0.2268839836120605,0.05167173252279635,0.7325227963525835,0.8844984802431611,0.9483282674772037
track2-swarm,Maurienne 2017-2019,P,PhaseNet:diting,383,0.12239764253402192,0.24608031092752267,0.05029702186584473,0.0016040802001953125,-0.07167458534240723,0.29450087547302317,0.06266318537859007,0.7362924281984334,0.8903394255874674,0.9373368146214099
track2-swarm,Maurienne 2017-2019,P,PhaseNet:instance,355,0.10212971526132503,0.22699503517697914,0.04344487190246582,0.0016918182373046875,-0.06863913536071778,0.1799999713897705,0.03943661971830986,0.780281690140845,0.9183098591549296,0.9605633802816902
track2-swarm,Maurienne 2017-2019,P,PhaseNet:jma_wc,429,0.12898972540190726,0.26945631563362843,0.045320987701416016,0.02292919158935547,-0.057554054260253895,0.2671467304229736,0.06293706293706294,0.717948717948718,0.8764568764568764,0.9370629370629371
track2-swarm,Maurienne 2017-2019,P,PhaseNet:original,377,0.13293186549482675,0.23860274947340135,0.07100510597229004,0.06484293937683105,-0.018481969833374023,0.2939998626708988,0.058355437665782495,0.6419098143236074,0.870026525198939,0.9416445623342176
track2-swarm,Maurienne 2017-2019,P,PhaseNet:quakescope2026,389,0.10981278983363763,0.2336897186172694,0.049334049224853516,0.029729843139648438,-0.05008273124694824,0.23200001716613758,0.03598971722365039,0.7455012853470437,0.9048843187660668,0.9640102827763496
track2-swarm,Maurienne 2017-2019,P,PhaseNet:scedc,321,0.09261363911851545,0.1609463475146005,0.04945015907287598,0.029122114181518555,-0.05427193641662598,0.16765999794006348,0.021806853582554516,0.7507788161993769,0.9127725856697819,0.9781931464174455
track2-swarm,Maurienne 2017-2019,P,PhaseNet:stead,219,0.07062703398264707,0.12816779347389198,0.040045738220214844,-0.01459193229675293,-0.07765445709228516,0.11439514160156262,0.0091324200913242,0.8264840182648402,0.9497716894977168,0.9908675799086758
track2-swarm,Maurienne 2017-2019,P,PhaseNet:volpick,406,0.13244267872401647,0.28163695542957984,0.0511399507522583,0.020723462104797363,-0.06413841247558594,0.2812459468841553,0.06157635467980296,0.7266009852216748,0.8817733990147784,0.9384236453201971
track2-swarm,Maurienne 2017-2019,S,EQTransformer:instance,384,0.13416229809323946,0.23687800112051483,0.07649815082550049,0.004307866096496582,-0.11773838996887205,0.28455183506011944,0.049479166666666664,0.5911458333333334,0.8776041666666666,0.9505208333333334
track2-swarm,Maurienne 2017-2019,S,EQTransformer:original,328,0.1308746824904186,0.26159592466106607,0.05887186527252197,0.009902119636535645,-0.08699657917022705,0.2609522104263306,0.06402439024390244,0.7103658536585366,0.8780487804878049,0.9359756097560976
track2-swarm,Maurienne 2017-2019,S,PhaseNet:diting,442,0.15822251242210422,0.2949433412911411,0.07415735721588135,0.0015270709991455078,-0.09990942478179932,0.3985323905944829,0.0746606334841629,0.6447963800904978,0.832579185520362,0.9253393665158371
track2-swarm,Maurienne 2017-2019,S,PhaseNet:instance,373,0.1300747643846609,0.25335008405424914,0.06999993324279785,-0.02529001235961914,-0.12873578071594238,0.24765820503234875,0.04289544235924933,0.6541554959785523,0.8847184986595175,0.9571045576407506
track2-swarm,Maurienne 2017-2019,S,PhaseNet:jma_wc,410,0.13700479821461004,0.2738637736264712,0.06534302234649658,0.03574800491333008,-0.0655273675918579,0.29001295566558843,0.06097560975609756,0.6829268292682927,0.8731707317073171,0.9390243902439024
track2-swarm,Maurienne 2017-2019,S,PhaseNet:original,416,0.20074192262612855,0.3362098621278888,0.10547065734863281,0.09970390796661377,-0.013116002082824707,0.5026614665985107,0.10336538461538461,0.4807692307692308,0.78125,0.8966346153846154
track2-swarm,Maurienne 2017-2019,S,PhaseNet:quakescope2026,387,0.13420333295521503,0.2487591513853104,0.065277099609375,0.0430760383605957,-0.04999995231628418,0.343097066879273,0.059431524547803614,0.6563307493540051,0.8656330749354005,0.9405684754521964
track2-swarm,Maurienne 2017-2019,S,PhaseNet:scedc,319,0.13554488005682966,0.25093188717343823,0.06913495063781738,0.031352996826171875,-0.08546347618103027,0.29009175300598145,0.0438871473354232,0.6175548589341693,0.8714733542319749,0.9561128526645768
track2-swarm,Maurienne 2017-2019,S,PhaseNet:stead,301,0.1509471082212125,0.29880399556281567,0.06644725799560547,0.0457608699798584,-0.06176424026489258,0.3599998950958252,0.07641196013289037,0.6644518272425249,0.8438538205980066,0.9235880398671097
track2-swarm,Maurienne 2017-2019,S,PhaseNet:volpick,452,0.18336410807297293,0.3322159381782631,0.07476925849914551,0.03540849685668945,-0.07702932357788085,0.5292748689651492,0.11061946902654868,0.6084070796460177,0.7876106194690266,0.8893805309734514
track2-swarm,Salton Sea 2016,P,EQTransformer:instance,524,0.08615401910461543,0.18348282184671502,0.04830002784729004,0.0083998441696167,-0.0797699689865112,0.14267020225524896,0.009541984732824428,0.7404580152671756,0.9522900763358778,0.9904580152671756
track2-swarm,Salton Sea 2016,P,EQTransformer:original,467,0.08210448892009335,0.15466936805443215,0.044500112533569336,0.008299589157104492,-0.11170029640197754,0.10840010643005371,0.01284796573875803,0.7687366167023555,0.9357601713062098,0.987152034261242
track2-swarm,Salton Sea 2016,P,PhaseNet:diting,498,0.06369761913177,0.13804979580054966,0.03500008583068848,-0.011700153350830078,-0.07170016765594482,0.08830006122589111,0.014056224899598393,0.8594377510040161,0.9698795180722891,0.9859437751004017
track2-swarm,Salton Sea 2016,P,PhaseNet:instance,528,0.06411704737128633,0.141711775101956,0.03169989585876465,-0.0017001628875732422,-0.06170010566711426,0.1013702392578126,0.015151515151515152,0.8390151515151515,0.9640151515151515,0.9848484848484849
track2-swarm,Salton Sea 2016,P,PhaseNet:jma_wc,580,0.06858827122326555,0.1723917324883174,0.028300046920776367,0.01829981803894043,-0.025500059127807617,0.10938985347747825,0.017241379310344827,0.85,0.9448275862068966,0.9827586206896551
track2-swarm,Salton Sea 2016,P,PhaseNet:original,577,0.09259426325198063,0.2062180400575503,0.04830002784729004,0.0383000373840332,-0.017939805984497063,0.1583400249481201,0.019064124783362217,0.7781629116117851,0.9410745233968805,0.9809358752166378
track2-swarm,Salton Sea 2016,P,PhaseNet:quakescope2026,578,0.07349825771622179,0.17970234271044638,0.028300046920776367,0.01830005645751953,-0.03160006999969482,0.13829994201660156,0.015570934256055362,0.8062283737024222,0.9515570934256056,0.9844290657439446
track2-swarm,Salton Sea 2016,P,PhaseNet:scedc,400,0.12379273116588592,0.21984504764341095,0.0700000524520874,0.058300018310546875,-0.03550004959106445,0.21038978099823044,0.0425,0.6425,0.895,0.9575
track2-swarm,Salton Sea 2016,P,PhaseNet:stead,385,0.05081168088045987,0.08221335108788379,0.03169989585876465,-0.011600255966186523,-0.07159996032714844,0.06840014457702637,0.0025974025974025974,0.8779220779220779,0.9818181818181818,0.9974025974025974
track2-swarm,Salton Sea 2016,P,PhaseNet:volpick,538,0.07029034258264591,0.17810629403474987,0.03170013427734375,0.008299827575683594,-0.05170011520385742,0.10829997062683105,0.01486988847583643,0.8420074349442379,0.9591078066914498,0.9851301115241635
track2-swarm,Salton Sea 2016,S,EQTransformer:instance,426,0.15756996024942174,0.23155722765026565,0.1017000675201416,-0.023600101470947266,-0.23665010929107666,0.23834991455078125,0.04929577464788732,0.49061032863849763,0.812206572769953,0.9507042253521126
track2-swarm,Salton Sea 2016,S,EQTransformer:original,412,0.12188420828106333,0.21333831575705392,0.058300018310546875,0.01829981803894043,-0.1206998586654663,0.23830029964447022,0.0412621359223301,0.6674757281553398,0.8713592233009708,0.9587378640776699
track2-swarm,Salton Sea 2016,S,PhaseNet:diting,447,0.1315015983794893,0.20935759527376724,0.07829976081848145,-0.03170013427734375,-0.2116999626159668,0.1782999038696289,0.03803131991051454,0.5973154362416108,0.8635346756152126,0.9619686800894854
track2-swarm,Salton Sea 2016,S,PhaseNet:instance,422,0.13497819889213236,0.22581112612762813,0.07829999923706055,-0.021700143814086914,-0.19169998168945312,0.18829989433288574,0.037914691943127965,0.590047393364929,0.8649289099526066,0.9620853080568721
track2-swarm,Salton Sea 2016,S,PhaseNet:jma_wc,426,0.11184601044990647,0.19872830429597912,0.05169987678527832,-0.0016999244689941406,-0.11169993877410889,0.22829985618591309,0.03286384976525822,0.6830985915492958,0.892018779342723,0.9671361502347418
track2-swarm,Salton Sea 2016,S,PhaseNet:original,529,0.185036284711726,0.32810367869284945,0.0783998966217041,0.05830025672912598,-0.05169992446899414,0.4982999324798584,0.10396975425330812,0.5746691871455577,0.8090737240075614,0.8960302457466919
track2-swarm,Salton Sea 2016,S,PhaseNet:quakescope2026,431,0.10696450629533029,0.1867018484849936,0.04830002784729004,0.018300294876098633,-0.08170008659362793,0.22829985618591309,0.027842227378190254,0.6960556844547564,0.8816705336426914,0.9721577726218097
track2-swarm,Salton Sea 2016,S,PhaseNet:scedc,188,0.15723086037534348,0.22220716776568572,0.09829998016357422,0.05829977989196777,-0.17370007038116458,0.27830004692077637,0.05851063829787234,0.5159574468085106,0.7819148936170213,0.9414893617021277
track2-swarm,Salton Sea 2016,S,PhaseNet:stead,510,0.149491361543244,0.2664519027874377,0.07164990901947021,0.01830005645751953,-0.11169981956481934,0.31031000614166304,0.058823529411764705,0.6196078431372549,0.8235294117647058,0.9411764705882353
track2-swarm,Salton Sea 2016,S,PhaseNet:volpick,503,0.16665029288760236,0.29157297312729813,0.07829999923706055,-0.0016999244689941406,-0.15045986175537107,0.29830002784729004,0.08349900596421471,0.5765407554671969,0.8230616302186878,0.9165009940357853
track2-swarm,West Bohemia 2018,P,EQTransformer:instance,414,0.12551560839593123,0.2827273138404772,0.039999961853027344,-0.0019998550415039062,-0.061333107948303225,0.37453322410583484,0.08695652173913043,0.821256038647343,0.8816425120772947,0.9130434782608695
track2-swarm,West Bohemia 2018,P,EQTransformer:original,700,0.1285497372491019,0.33044502999308967,0.021332979202270508,-0.003999948501586914,-0.05139963626861572,0.22993323802948043,0.09285714285714286,0.83,0.8814285714285715,0.9071428571428571
track2-swarm,West Bohemia 2018,P,PhaseNet:diting,451,0.10103054321525895,0.226649316222544,0.048667192459106445,-0.04400014877319336,-0.07600021362304688,0.006000041961669922,0.050997782705099776,0.8957871396895787,0.9290465631929047,0.9490022172949002
track2-swarm,West Bohemia 2018,P,PhaseNet:instance,411,0.13546342687305163,0.3050314251909748,0.039999961853027344,-0.031333208084106445,-0.06200003623962402,0.44066691398620605,0.09002433090024331,0.8321167883211679,0.8759124087591241,0.9099756690997567
track2-swarm,West Bohemia 2018,P,PhaseNet:jma_wc,884,0.09236367579498982,0.2651704093612378,0.020666837692260742,-0.01999986171722412,-0.03266716003417969,0.009999990463256836,0.06787330316742081,0.8936651583710408,0.9128959276018099,0.9321266968325792
track2-swarm,West Bohemia 2018,P,PhaseNet:original,953,0.12889065422266252,0.36336664179319117,0.010000228881835938,0.009332895278930664,-0.011333179473876954,0.17746658325195377,0.09653725078698845,0.8583420776495279,0.8793284365162645,0.9034627492130115
track2-swarm,West Bohemia 2018,P,PhaseNet:quakescope2026,933,0.0886489851809519,0.2463653115499874,0.02266693115234375,-0.020666837692260742,-0.05186624526977539,0.0006670475006103516,0.05894962486602358,0.8981779206859593,0.9196141479099679,0.9410503751339764
track2-swarm,West Bohemia 2018,P,PhaseNet:scedc,427,0.1532665008125037,0.39433088729813554,0.02200007438659668,-0.011999845504760742,-0.05320000648498535,0.4192001342773447,0.10070257611241218,0.8407494145199064,0.8665105386416861,0.8992974238875878
track2-swarm,West Bohemia 2018,P,PhaseNet:stead,530,0.12484177688382707,0.3019269959549098,0.039999961853027344,-0.032000064849853516,-0.07000017166137695,0.1227331876754767,0.07735849056603773,0.8584905660377359,0.8962264150943396,0.9226415094339623
track2-swarm,West Bohemia 2018,P,PhaseNet:volpick,782,0.11892262444166882,0.2844126475609259,0.039999961853027344,-0.03066706657409668,-0.07266688346862793,0.09913282394409176,0.07544757033248081,0.8567774936061381,0.9002557544757033,0.9245524296675192
track2-swarm,West Bohemia 2018,S,EQTransformer:instance,418,0.11193304598046262,0.264351132243115,0.030666828155517578,-0.00033342838287353516,-0.06420018672943113,0.14766695499420268,0.07416267942583732,0.8564593301435407,0.8971291866028708,0.9258373205741627
track2-swarm,West Bohemia 2018,S,EQTransformer:original,746,0.09732427481991356,0.2982790580660045,0.020000219345092773,-0.010667085647583008,-0.040000200271606445,0.03966641426086426,0.06970509383378017,0.9048257372654156,0.9195710455764075,0.9302949061662198
track2-swarm,West Bohemia 2018,S,PhaseNet:diting,544,0.10420606416814468,0.23720412229180066,0.05333304405212402,-0.047332763671875,-0.08000016212463379,0.007880115509033184,0.051470588235294115,0.8713235294117647,0.9356617647058824,0.9485294117647058
track2-swarm,West Bohemia 2018,S,PhaseNet:instance,421,0.14456341555452687,0.33667464008763404,0.04933285713195801,-0.040666818618774414,-0.07000017166137695,0.4673330783843994,0.09501187648456057,0.8622327790973872,0.8836104513064132,0.9049881235154394
track2-swarm,West Bohemia 2018,S,PhaseNet:jma_wc,936,0.0790085986129239,0.24651140978602823,0.020667076110839844,-0.019999980926513672,-0.040666818618774414,0.018000125885009766,0.05555555555555555,0.9220085470085471,0.9337606837606838,0.9444444444444444
track2-swarm,West Bohemia 2018,S,PhaseNet:original,1014,0.09806427800443751,0.3102766309030271,0.018000125885009766,0.017333269119262695,-0.0026671171188354494,0.060666799545288086,0.06903353057199212,0.9132149901380671,0.9201183431952663,0.9309664694280079
track2-swarm,West Bohemia 2018,S,PhaseNet:quakescope2026,938,0.07121043342517129,0.23695382104311996,0.012666821479797363,-0.0006670951843261719,-0.029333114624023438,0.03659996986389174,0.05543710021321962,0.9232409381663113,0.9360341151385928,0.9445628997867804
track2-swarm,West Bohemia 2018,S,PhaseNet:scedc,481,0.08843719736206308,0.26946809979402675,0.020667314529418945,-0.012000083923339844,-0.04399991035461426,0.039999961853027344,0.060291060291060294,0.9126819126819127,0.9251559251559252,0.9397089397089398
track2-swarm,West Bohemia 2018,S,PhaseNet:stead,576,0.11642919811937544,0.30846806212349376,0.029999971389770508,-0.021999835968017578,-0.06066691875457764,0.0934000015258789,0.0763888888888889,0.8697916666666666,0.9010416666666666,0.9236111111111112
track2-swarm,West Bohemia 2018,S,PhaseNet:volpick,882,0.09990782883702493,0.26810127190858407,0.03266704082489014,-0.03066706657409668,-0.0626668930053711,0.029933094978332506,0.05895691609977324,0.9081632653061225,0.927437641723356,0.9410430839002267
track2-vt,Etna edifice 2022-2024,P,EQTransformer:instance,163,0.05865032248701786,0.09193224590276045,0.03000020980834961,0.009999990463256836,-0.060000133514404294,0.1100001335144043,0.0,0.8282208588957055,0.9693251533742331,1.0
track2-vt,Etna edifice 2022-2024,P,EQTransformer:original,119,0.038319333260800656,0.05509350177791125,0.020000219345092773,0.010000228881835938,-0.02000002861022949,0.08200011253356937,0.0,0.9327731092436975,1.0,1.0
track2-vt,Etna edifice 2022-2024,P,PhaseNet:diting,171,0.0467251601972078,0.06844557332987036,0.03000020980834961,-0.019999980926513672,-0.07000017166137695,0.04999995231628418,0.0,0.8947368421052632,0.9824561403508771,1.0
track2-vt,Etna edifice 2022-2024,P,PhaseNet:instance,176,0.048238645900379525,0.09349587848613013,0.020000338554382324,-0.009999990463256836,-0.06000030040740967,0.0700000524520874,0.005681818181818182,0.875,0.9715909090909091,0.9943181818181818
track2-vt,Etna edifice 2022-2024,P,PhaseNet:jma_wc,185,0.041567575609361807,0.08768186206388237,0.019999980926513672,0.0,-0.039999961853027344,0.06599988937377924,0.005405405405405406,0.9027027027027027,0.9837837837837838,0.9945945945945946
track2-vt,Etna edifice 2022-2024,P,PhaseNet:original,182,0.06928571894928649,0.1256652611433163,0.040000200271606445,0.039999961853027344,0.0009999752044677877,0.13000009059906006,0.005494505494505495,0.8296703296703297,0.978021978021978,0.9945054945054945
track2-vt,Etna edifice 2022-2024,P,PhaseNet:quakescope2026,182,0.037912104155991104,0.06792045093931136,0.020000219345092773,0.0,-0.039999961853027344,0.060000157356262206,0.0,0.9340659340659341,0.989010989010989,1.0
track2-vt,Etna edifice 2022-2024,P,PhaseNet:scedc,162,0.0914197748090014,0.14441240352674725,0.04999995231628418,0.039999961853027344,-0.020000219345092773,0.2200002431869507,0.018518518518518517,0.691358024691358,0.9135802469135802,0.9814814814814815
track2-vt,Etna edifice 2022-2024,P,PhaseNet:stead,137,0.03525546345397504,0.06140090578776898,0.020000219345092773,-0.009999990463256836,-0.04000005722045898,0.054000091552734435,0.0072992700729927005,0.9635036496350365,0.9927007299270073,0.9927007299270073
track2-vt,Etna edifice 2022-2024,P,PhaseNet:volpick,180,0.06411113739013671,0.13683325215146433,0.029999971389770508,0.0,-0.040000200271606445,0.10099990367889398,0.016666666666666666,0.8833333333333333,0.9555555555555556,0.9833333333333333
track2-vt,Etna edifice 2022-2024,S,EQTransformer:instance,110,0.41018183664842084,0.6185158431207489,0.21000003814697266,0.20999979972839355,-0.019999980926513672,1.0910001516342165,0.2909090909090909,0.3090909090909091,0.5363636363636364,0.7090909090909091
track2-vt,Etna edifice 2022-2024,S,EQTransformer:original,84,0.3322618830771673,0.5593054735105831,0.1100001335144043,0.10499989986419678,0.0029999256134033273,0.8890002727508547,0.2261904761904762,0.47619047619047616,0.6666666666666666,0.7738095238095238
track2-vt,Etna edifice 2022-2024,S,PhaseNet:diting,101,0.3844554353468489,0.6109212229955331,0.1400001049041748,0.1399998664855957,-0.04999995231628418,1.119999885559082,0.27722772277227725,0.46534653465346537,0.5742574257425742,0.7227722772277227
track2-vt,Etna edifice 2022-2024,S,PhaseNet:instance,111,0.3645945690773629,0.5738309582619038,0.1700000762939453,0.1400001049041748,-0.029999971389770508,1.0500001907348633,0.23423423423423423,0.40540540540540543,0.5495495495495496,0.7657657657657657
track2-vt,Etna edifice 2022-2024,S,PhaseNet:jma_wc,87,0.22218390168814822,0.40742392404234806,0.059999942779541016,0.029999732971191406,-0.05399985313415528,0.603999996185304,0.14942528735632185,0.6091954022988506,0.7471264367816092,0.8505747126436781
track2-vt,Etna edifice 2022-2024,S,PhaseNet:original,117,0.44777777256109774,0.6523651913870647,0.24000000953674316,0.22999978065490723,0.039999961853027344,1.2919999599456788,0.3247863247863248,0.29914529914529914,0.5299145299145299,0.6752136752136753
track2-vt,Etna edifice 2022-2024,S,PhaseNet:quakescope2026,89,0.26235958163657885,0.4551614404035781,0.08000016212463379,0.06000018119812012,-0.03199982643127441,0.5999999523162848,0.1797752808988764,0.5617977528089888,0.7078651685393258,0.8202247191011236
track2-vt,Etna edifice 2022-2024,S,PhaseNet:scedc,15,0.2399999777475993,0.416797282983912,0.1099998950958252,0.06999993324279785,-0.6739999294281005,0.22000002861022946,0.13333333333333333,0.4666666666666667,0.8666666666666667,0.8666666666666667
track2-vt,Etna edifice 2022-2024,S,PhaseNet:stead,116,0.3404310283989742,0.5647161291075784,0.10500001907348633,0.08500003814697266,-0.014999866485595703,0.8950001001358032,0.2413793103448276,0.5,0.6293103448275862,0.7586206896551724
track2-vt,Etna edifice 2022-2024,S,PhaseNet:volpick,110,0.28372727740894665,0.5044519972194177,0.10000014305114746,0.05000007152557373,-0.08200016021728515,0.7430002212524417,0.19090909090909092,0.4818181818181818,0.7181818181818181,0.8090909090909091
