sequence,track,category,risk,corpus,basis
Ridgecrest,track1-western-us,mainshock-aftershock,high,"SCEDC (2000-2020); CEED (California); STEAD; Meier2019JGR (southern California)","2019 southern California is inside the SCEDC archive window and the California corpora"
San Simeon,track1-western-us,mainshock-aftershock,high,"SCEDC (2000-2020); CEED (California); STEAD","2003 central California is inside the SCEDC archive window"
Monte Cristo,track1-western-us,mainshock-aftershock,medium,"SCEDC (2000-2020); STEAD","May 2020 is at the edge of the SCEDC window; the scored stations are Nevada (NN), which SCEDC does not archive"
Mendocino 2024,track1-western-us,mainshock-aftershock,low,"CREW; CEED","postdates SCEDC (2020) and STEAD; only a corpus compiled after 2024 could hold it"
Monroe WA,track1-western-us,moderate single event,high,"PNW (Ni et al. 2023, PNW ComCat)","2019 Pacific Northwest on UW stations is the PNW corpus's own region and era"
Kaikoura 2016,track2-msas,mainshock-aftershock,low,none identified,"no SeisBench corpus covers New Zealand; GeoNet data is not in the curated sets we can enumerate"
Norcia 2016,track2-msas,mainshock-aftershock,high,INSTANCE (Italy),"the 2016 central Italy sequence is a documented part of INSTANCE; instance and quakescope2026 are in-domain here"
Thessaly 2021,track2-msas,mainshock-aftershock doublet,low,none identified,"no SeisBench corpus covers Greece"
Etna edifice 2022-2024,track2-vt,volcano-tectonic,medium,"INSTANCE (Italy); VCSEIS (volcanic)","INSTANCE is Italian but ends before 2022; VCSEIS covers Alaska, Hawaii, northern California and the Cascades, not Etna. The volpick weights are trained on volcanic seismicity and are in-domain by event type rather than by place"
West Bohemia 2018,track2-swarm,fluid-driven swarm,high,BohemiaSaxony (SeisBench),"a SeisBench corpus covers exactly North-West Bohemia and Saxony and contains restricted WEBNET data, the same array scored here. Its time span could not be checked: the data is restricted and the corpus does not auto-download"
Maurienne 2017-2019,track2-swarm,fluid-driven swarm,low,none identified,"no SeisBench corpus covers the French Alps"
Salton Sea 2016,track2-swarm,swarm,high,"SCEDC (2000-2020); CEED (California); STEAD","2016 southern California on CI stations is inside the SCEDC archive window"
Jones-Guthrie 2014-2015,track2-swarm,induced swarm,medium,"STEAD; CREW; TXED (Texas)","TXED is Texas, not Oklahoma; STEAD and CREW are global regional compilations that may include GS and OK network data from this period"
