sequence,key,window,start,end,catalogue_events,arrivals,P,S,stations
West Bohemia 2018,west_bohemia_2018,0,2018-05-10 09:00:00,2018-05-10 12:00:00,182,3639,1722,1917,41
West Bohemia 2018,west_bohemia_2018,1,2018-05-11 09:00:00,2018-05-11 12:00:00,152,3990,1973,2017,78
Maurienne 2017-2019,maurienne_2017,0,2017-10-26 23:00:00,2017-10-27 05:00:00,47,2399,1336,1063,228
Maurienne 2017-2019,maurienne_2017,1,2017-11-17 08:00:00,2017-11-17 14:00:00,37,2341,1379,962,207
Maurienne 2017-2019,maurienne_2017,2,2017-12-01 09:00:00,2017-12-01 15:00:00,33,1321,750,571,102
Salton Sea 2016,salton_sea_2016,0,2016-09-27 03:00:00,2016-09-27 06:00:00,72,5009,3030,1979,293
Salton Sea 2016,salton_sea_2016,1,2016-09-26 14:00:00,2016-09-26 17:00:00,60,3906,2159,1747,227
Jones-Guthrie 2014-2015,jones_guthrie_2014,0,2015-06-26 03:00:00,2015-06-26 09:00:00,10,855,724,131,201
Jones-Guthrie 2014-2015,jones_guthrie_2014,1,2015-06-20 01:00:00,2015-06-20 07:00:00,9,914,783,131,209
Jones-Guthrie 2014-2015,jones_guthrie_2014,2,2014-03-21 22:00:00,2014-03-22 04:00:00,7,551,431,120,176
Jones-Guthrie 2014-2015,jones_guthrie_2014,3,2014-07-12 21:00:00,2014-07-13 03:00:00,7,439,390,49,88
