sequence,station,phase,time
Ridgecrest,CI.TOW2,P,2019-07-06 03:30:03.100
Ridgecrest,CI.TOW2,P,2019-07-06 03:31:02.670
Ridgecrest,CI.TOW2,P,2019-07-06 03:31:37.820
Ridgecrest,CI.TOW2,P,2019-07-06 03:32:28.430
Ridgecrest,CI.TOW2,P,2019-07-06 03:33:06.290
Ridgecrest,CI.TOW2,P,2019-07-06 03:33:41.950
Ridgecrest,CI.TOW2,P,2019-07-06 03:33:58.780
Ridgecrest,CI.TOW2,P,2019-07-06 03:34:24.850
Ridgecrest,CI.TOW2,P,2019-07-06 03:34:39.070
Ridgecrest,CI.TOW2,P,2019-07-06 03:34:46.120
Ridgecrest,CI.TOW2,P,2019-07-06 03:35:52.510
Ridgecrest,CI.TOW2,P,2019-07-06 03:36:19.280
Ridgecrest,CI.TOW2,P,2019-07-06 03:36:57.780
Ridgecrest,CI.TOW2,P,2019-07-06 03:38:25.700
Ridgecrest,CI.TOW2,P,2019-07-06 03:38:44.390
Ridgecrest,CI.TOW2,P,2019-07-06 03:39:01.690
Ridgecrest,CI.TOW2,P,2019-07-06 03:39:36.860
Ridgecrest,CI.TOW2,P,2019-07-06 03:40:07.160
Ridgecrest,CI.TOW2,P,2019-07-06 03:40:18.620
Ridgecrest,CI.TOW2,P,2019-07-06 03:40:35.240
Ridgecrest,CI.TOW2,P,2019-07-06 03:40:45.710
Ridgecrest,CI.TOW2,P,2019-07-06 03:40:54.720
Ridgecrest,CI.TOW2,P,2019-07-06 03:42:07.200
Ridgecrest,CI.TOW2,P,2019-07-06 03:42:11.850
Ridgecrest,CI.TOW2,P,2019-07-06 03:42:48.160
Ridgecrest,CI.TOW2,P,2019-07-06 03:43:34.490
Ridgecrest,CI.TOW2,P,2019-07-06 03:44:04.460
Ridgecrest,CI.TOW2,P,2019-07-06 03:44:14.440
Ridgecrest,CI.TOW2,P,2019-07-06 03:44:52.940
Ridgecrest,CI.TOW2,P,2019-07-06 03:45:11.670
Ridgecrest,CI.TOW2,P,2019-07-06 03:45:31.670
Ridgecrest,CI.TOW2,P,2019-07-06 03:46:32.690
Ridgecrest,CI.TOW2,P,2019-07-06 03:46:59.600
Ridgecrest,CI.TOW2,P,2019-07-06 03:47:11.170
Ridgecrest,CI.TOW2,P,2019-07-06 03:47:55.880
Ridgecrest,CI.TOW2,P,2019-07-06 03:48:39.030
Ridgecrest,CI.TOW2,P,2019-07-06 03:49:00.410
Ridgecrest,CI.TOW2,P,2019-07-06 03:49:54.780
Ridgecrest,CI.TOW2,P,2019-07-06 03:50:13.640
Ridgecrest,CI.TOW2,P,2019-07-06 03:50:36.630
Ridgecrest,CI.TOW2,P,2019-07-06 03:51:02.690
Ridgecrest,CI.TOW2,P,2019-07-06 03:51:41.410
Ridgecrest,CI.TOW2,P,2019-07-06 03:53:01.940
Ridgecrest,CI.TOW2,P,2019-07-06 03:53:24.750
Ridgecrest,CI.TOW2,P,2019-07-06 03:53:42.530
Ridgecrest,CI.TOW2,P,2019-07-06 03:54:12.510
Ridgecrest,CI.TOW2,P,2019-07-06 03:55:50.580
Ridgecrest,CI.TOW2,P,2019-07-06 03:56:04.270
Ridgecrest,CI.TOW2,P,2019-07-06 03:56:27.180
Ridgecrest,CI.TOW2,P,2019-07-06 03:56:47.870
Ridgecrest,CI.TOW2,P,2019-07-06 03:57:14.790
Ridgecrest,CI.TOW2,P,2019-07-06 03:57:40.500
Ridgecrest,CI.TOW2,P,2019-07-06 03:57:53.720
Ridgecrest,CI.TOW2,P,2019-07-06 03:59:26.650
Ridgecrest,CI.TOW2,P,2019-07-06 03:59:50.740
Ridgecrest,CI.WRC2,P,2019-07-06 03:30:02.660
Ridgecrest,CI.WRC2,P,2019-07-06 03:30:45.420
Ridgecrest,CI.WRC2,P,2019-07-06 03:31:01.720
Ridgecrest,CI.WRC2,P,2019-07-06 03:31:12.730
Ridgecrest,CI.WRC2,P,2019-07-06 03:31:50.930
Ridgecrest,CI.WRC2,P,2019-07-06 03:32:00.280
Ridgecrest,CI.WRC2,P,2019-07-06 03:32:15.550
Ridgecrest,CI.WRC2,P,2019-07-06 03:32:28.010
Ridgecrest,CI.WRC2,P,2019-07-06 03:32:48.980
Ridgecrest,CI.WRC2,P,2019-07-06 03:33:05.870
Ridgecrest,CI.WRC2,P,2019-07-06 03:33:44.200
Ridgecrest,CI.WRC2,P,2019-07-06 03:33:58.600
Ridgecrest,CI.WRC2,P,2019-07-06 03:34:29.160
Ridgecrest,CI.WRC2,P,2019-07-06 03:34:38.760
Ridgecrest,CI.WRC2,P,2019-07-06 03:34:44.720
Ridgecrest,CI.WRC2,P,2019-07-06 03:35:03.790
Ridgecrest,CI.WRC2,P,2019-07-06 03:35:32.920
Ridgecrest,CI.WRC2,P,2019-07-06 03:35:51.820
Ridgecrest,CI.WRC2,P,2019-07-06 03:36:18.620
Ridgecrest,CI.WRC2,P,2019-07-06 03:36:57.500
Ridgecrest,CI.WRC2,P,2019-07-06 03:37:27.190
Ridgecrest,CI.WRC2,P,2019-07-06 03:37:51.120
Ridgecrest,CI.WRC2,P,2019-07-06 03:38:24.660
Ridgecrest,CI.WRC2,P,2019-07-06 03:38:44.590
Ridgecrest,CI.WRC2,P,2019-07-06 03:39:02.750
Ridgecrest,CI.WRC2,P,2019-07-06 03:39:07.740
Ridgecrest,CI.WRC2,P,2019-07-06 03:39:36.490
Ridgecrest,CI.WRC2,P,2019-07-06 03:40:05.730
Ridgecrest,CI.WRC2,P,2019-07-06 03:40:36.020
Ridgecrest,CI.WRC2,P,2019-07-06 03:40:45.100
Ridgecrest,CI.WRC2,P,2019-07-06 03:41:29.430
Ridgecrest,CI.WRC2,P,2019-07-06 03:41:40.470
Ridgecrest,CI.WRC2,P,2019-07-06 03:41:48.540
Ridgecrest,CI.WRC2,P,2019-07-06 03:42:06.210
Ridgecrest,CI.WRC2,P,2019-07-06 03:42:47.810
Ridgecrest,CI.WRC2,P,2019-07-06 03:42:54.470
Ridgecrest,CI.WRC2,P,2019-07-06 03:43:11.140
Ridgecrest,CI.WRC2,P,2019-07-06 03:43:34.740
Ridgecrest,CI.WRC2,P,2019-07-06 03:44:03.610
Ridgecrest,CI.WRC2,P,2019-07-06 03:44:14.620
Ridgecrest,CI.WRC2,P,2019-07-06 03:44:19.380
Ridgecrest,CI.WRC2,P,2019-07-06 03:44:52.460
Ridgecrest,CI.WRC2,P,2019-07-06 03:45:10.540
Ridgecrest,CI.WRC2,P,2019-07-06 03:45:31.650
Ridgecrest,CI.WRC2,P,2019-07-06 03:46:32.800
Ridgecrest,CI.WRC2,P,2019-07-06 03:46:59.040
Ridgecrest,CI.WRC2,P,2019-07-06 03:47:11.020
Ridgecrest,CI.WRC2,P,2019-07-06 03:47:55.550
Ridgecrest,CI.WRC2,P,2019-07-06 03:48:16.770
Ridgecrest,CI.WRC2,P,2019-07-06 03:48:25.950
Ridgecrest,CI.WRC2,P,2019-07-06 03:48:38.400
Ridgecrest,CI.WRC2,P,2019-07-06 03:48:56.600
Ridgecrest,CI.WRC2,P,2019-07-06 03:48:59.650
Ridgecrest,CI.WRC2,P,2019-07-06 03:49:55.140
Ridgecrest,CI.WRC2,P,2019-07-06 03:50:12.980
Ridgecrest,CI.WRC2,P,2019-07-06 03:51:01.670
Ridgecrest,CI.WRC2,P,2019-07-06 03:51:22.310
Ridgecrest,CI.WRC2,P,2019-07-06 03:51:40.650
Ridgecrest,CI.WRC2,P,2019-07-06 03:51:48.140
Ridgecrest,CI.WRC2,P,2019-07-06 03:51:56.030
Ridgecrest,CI.WRC2,P,2019-07-06 03:52:05.880
Ridgecrest,CI.WRC2,P,2019-07-06 03:53:42.390
Ridgecrest,CI.WRC2,P,2019-07-06 03:53:59.770
Ridgecrest,CI.WRC2,P,2019-07-06 03:54:12.210
Ridgecrest,CI.WRC2,P,2019-07-06 03:54:17.500
Ridgecrest,CI.WRC2,P,2019-07-06 03:54:50.630
Ridgecrest,CI.WRC2,P,2019-07-06 03:55:21.990
Ridgecrest,CI.WRC2,P,2019-07-06 03:56:03.320
Ridgecrest,CI.WRC2,P,2019-07-06 03:56:12.480
Ridgecrest,CI.WRC2,P,2019-07-06 03:56:27.290
Ridgecrest,CI.WRC2,P,2019-07-06 03:56:35.600
Ridgecrest,CI.WRC2,P,2019-07-06 03:56:46.760
Ridgecrest,CI.WRC2,P,2019-07-06 03:57:14.550
Ridgecrest,CI.WRC2,P,2019-07-06 03:57:39.880
Ridgecrest,CI.WRC2,P,2019-07-06 03:57:53.000
Ridgecrest,CI.WRC2,P,2019-07-06 03:58:58.850
Ridgecrest,CI.WRC2,P,2019-07-06 03:59:12.140
Ridgecrest,CI.WRC2,P,2019-07-06 03:59:26.210
Ridgecrest,CI.WRC2,P,2019-07-06 03:59:50.730
Ridgecrest,CI.WRC2,S,2019-07-06 03:29:53.590
Ridgecrest,CI.WRC2,S,2019-07-06 03:30:04.230
Ridgecrest,CI.WRC2,S,2019-07-06 03:30:40.050
Ridgecrest,CI.WRC2,S,2019-07-06 03:30:47.670
Ridgecrest,CI.WRC2,S,2019-07-06 03:31:03.150
Ridgecrest,CI.WRC2,S,2019-07-06 03:31:14.420
Ridgecrest,CI.WRC2,S,2019-07-06 03:31:52.670
Ridgecrest,CI.WRC2,S,2019-07-06 03:32:01.720
Ridgecrest,CI.WRC2,S,2019-07-06 03:32:17.200
Ridgecrest,CI.WRC2,S,2019-07-06 03:32:29.820
Ridgecrest,CI.WRC2,S,2019-07-06 03:32:50.790
Ridgecrest,CI.WRC2,S,2019-07-06 03:33:07.200
Ridgecrest,CI.WRC2,S,2019-07-06 03:33:31.920
Ridgecrest,CI.WRC2,S,2019-07-06 03:33:48.250
Ridgecrest,CI.WRC2,S,2019-07-06 03:34:00.560
Ridgecrest,CI.WRC2,S,2019-07-06 03:34:30.690
Ridgecrest,CI.WRC2,S,2019-07-06 03:34:40.400
Ridgecrest,CI.WRC2,S,2019-07-06 03:34:46.520
Ridgecrest,CI.WRC2,S,2019-07-06 03:35:09.490
Ridgecrest,CI.WRC2,S,2019-07-06 03:35:53.390
Ridgecrest,CI.WRC2,S,2019-07-06 03:36:07.170
Ridgecrest,CI.WRC2,S,2019-07-06 03:36:20.540
Ridgecrest,CI.WRC2,S,2019-07-06 03:36:38.710
Ridgecrest,CI.WRC2,S,2019-07-06 03:36:59.270
Ridgecrest,CI.WRC2,S,2019-07-06 03:37:13.540
Ridgecrest,CI.WRC2,S,2019-07-06 03:37:29.000
Ridgecrest,CI.WRC2,S,2019-07-06 03:37:55.880
Ridgecrest,CI.WRC2,S,2019-07-06 03:38:26.140
Ridgecrest,CI.WRC2,S,2019-07-06 03:39:11.180
Ridgecrest,CI.WRC2,S,2019-07-06 03:39:38.330
Ridgecrest,CI.WRC2,S,2019-07-06 03:40:07.240
Ridgecrest,CI.WRC2,S,2019-07-06 03:40:20.680
Ridgecrest,CI.WRC2,S,2019-07-06 03:40:38.750
Ridgecrest,CI.WRC2,S,2019-07-06 03:40:46.680
Ridgecrest,CI.WRC2,S,2019-07-06 03:41:42.540
Ridgecrest,CI.WRC2,S,2019-07-06 03:41:49.860
Ridgecrest,CI.WRC2,S,2019-07-06 03:42:07.440
Ridgecrest,CI.WRC2,S,2019-07-06 03:42:13.790
Ridgecrest,CI.WRC2,S,2019-07-06 03:42:49.290
Ridgecrest,CI.WRC2,S,2019-07-06 03:42:56.070
Ridgecrest,CI.WRC2,S,2019-07-06 03:43:13.070
Ridgecrest,CI.WRC2,S,2019-07-06 03:43:36.590
Ridgecrest,CI.WRC2,S,2019-07-06 03:44:05.360
Ridgecrest,CI.WRC2,S,2019-07-06 03:44:17.220
Ridgecrest,CI.WRC2,S,2019-07-06 03:44:20.740
Ridgecrest,CI.WRC2,S,2019-07-06 03:44:54.340
Ridgecrest,CI.WRC2,S,2019-07-06 03:45:12.540
Ridgecrest,CI.WRC2,S,2019-07-06 03:45:17.330
Ridgecrest,CI.WRC2,S,2019-07-06 03:45:33.440
Ridgecrest,CI.WRC2,S,2019-07-06 03:46:22.910
Ridgecrest,CI.WRC2,S,2019-07-06 03:46:37.200
Ridgecrest,CI.WRC2,S,2019-07-06 03:47:00.590
Ridgecrest,CI.WRC2,S,2019-07-06 03:47:04.160
Ridgecrest,CI.WRC2,S,2019-07-06 03:47:12.360
Ridgecrest,CI.WRC2,S,2019-07-06 03:48:18.650
Ridgecrest,CI.WRC2,S,2019-07-06 03:48:26.950
Ridgecrest,CI.WRC2,S,2019-07-06 03:48:39.940
Ridgecrest,CI.WRC2,S,2019-07-06 03:48:58.450
Ridgecrest,CI.WRC2,S,2019-07-06 03:49:01.190
Ridgecrest,CI.WRC2,S,2019-07-06 03:49:57.280
Ridgecrest,CI.WRC2,S,2019-07-06 03:50:14.720
Ridgecrest,CI.WRC2,S,2019-07-06 03:50:38.150
Ridgecrest,CI.WRC2,S,2019-07-06 03:50:53.800
Ridgecrest,CI.WRC2,S,2019-07-06 03:51:23.730
Ridgecrest,CI.WRC2,S,2019-07-06 03:51:42.080
Ridgecrest,CI.WRC2,S,2019-07-06 03:51:49.450
Ridgecrest,CI.WRC2,S,2019-07-06 03:51:57.520
Ridgecrest,CI.WRC2,S,2019-07-06 03:52:07.430
Ridgecrest,CI.WRC2,S,2019-07-06 03:53:44.310
Ridgecrest,CI.WRC2,S,2019-07-06 03:54:01.350
Ridgecrest,CI.WRC2,S,2019-07-06 03:54:13.810
Ridgecrest,CI.WRC2,S,2019-07-06 03:54:19.150
Ridgecrest,CI.WRC2,S,2019-07-06 03:54:53.530
Ridgecrest,CI.WRC2,S,2019-07-06 03:55:23.620
Ridgecrest,CI.WRC2,S,2019-07-06 03:55:53.060
Ridgecrest,CI.WRC2,S,2019-07-06 03:56:04.570
Ridgecrest,CI.WRC2,S,2019-07-06 03:56:13.970
Ridgecrest,CI.WRC2,S,2019-07-06 03:56:28.770
Ridgecrest,CI.WRC2,S,2019-07-06 03:56:37.060
Ridgecrest,CI.WRC2,S,2019-07-06 03:56:48.170
Ridgecrest,CI.WRC2,S,2019-07-06 03:57:16.240
Ridgecrest,CI.WRC2,S,2019-07-06 03:57:41.070
Ridgecrest,CI.WRC2,S,2019-07-06 03:57:55.040
Ridgecrest,CI.WRC2,S,2019-07-06 03:58:59.890
Ridgecrest,CI.WRC2,S,2019-07-06 03:59:13.340
Ridgecrest,CI.WRC2,S,2019-07-06 03:59:27.540
Ridgecrest,CI.WRC2,S,2019-07-06 03:59:52.580
Ridgecrest,CI.CLC,P,2019-07-06 03:30:03.000
Ridgecrest,CI.CLC,P,2019-07-06 03:30:31.420
Ridgecrest,CI.CLC,P,2019-07-06 03:30:45.710
Ridgecrest,CI.CLC,P,2019-07-06 03:31:13.310
Ridgecrest,CI.CLC,P,2019-07-06 03:31:28.140
Ridgecrest,CI.CLC,P,2019-07-06 03:31:35.650
Ridgecrest,CI.CLC,P,2019-07-06 03:31:51.370
Ridgecrest,CI.CLC,P,2019-07-06 03:32:15.450
Ridgecrest,CI.CLC,P,2019-07-06 03:33:06.550
Ridgecrest,CI.CLC,P,2019-07-06 03:33:24.540
Ridgecrest,CI.CLC,P,2019-07-06 03:33:41.990
Ridgecrest,CI.CLC,P,2019-07-06 03:33:58.670
Ridgecrest,CI.CLC,P,2019-07-06 03:34:22.700
Ridgecrest,CI.CLC,P,2019-07-06 03:34:29.920
Ridgecrest,CI.CLC,P,2019-07-06 03:34:39.370
Ridgecrest,CI.CLC,P,2019-07-06 03:34:45.330
Ridgecrest,CI.CLC,P,2019-07-06 03:35:01.670
Ridgecrest,CI.CLC,P,2019-07-06 03:35:26.990
Ridgecrest,CI.CLC,P,2019-07-06 03:35:52.270
Ridgecrest,CI.CLC,P,2019-07-06 03:36:01.120
Ridgecrest,CI.CLC,P,2019-07-06 03:36:19.430
Ridgecrest,CI.CLC,P,2019-07-06 03:36:31.670
Ridgecrest,CI.CLC,P,2019-07-06 03:36:57.890
Ridgecrest,CI.CLC,P,2019-07-06 03:37:07.360
Ridgecrest,CI.CLC,P,2019-07-06 03:37:27.600
Ridgecrest,CI.CLC,P,2019-07-06 03:38:25.870
Ridgecrest,CI.CLC,P,2019-07-06 03:38:42.770
Ridgecrest,CI.CLC,P,2019-07-06 03:39:05.360
Ridgecrest,CI.CLC,P,2019-07-06 03:39:19.320
Ridgecrest,CI.CLC,P,2019-07-06 03:39:37.250
Ridgecrest,CI.CLC,P,2019-07-06 03:39:44.340
Ridgecrest,CI.CLC,P,2019-07-06 03:40:06.980
Ridgecrest,CI.CLC,P,2019-07-06 03:40:17.620
Ridgecrest,CI.CLC,P,2019-07-06 03:40:33.950
Ridgecrest,CI.CLC,P,2019-07-06 03:40:45.170
Ridgecrest,CI.CLC,P,2019-07-06 03:40:53.390
Ridgecrest,CI.CLC,P,2019-07-06 03:41:29.900
Ridgecrest,CI.CLC,P,2019-07-06 03:41:41.370
Ridgecrest,CI.CLC,P,2019-07-06 03:41:49.350
Ridgecrest,CI.CLC,P,2019-07-06 03:42:27.510
Ridgecrest,CI.CLC,P,2019-07-06 03:42:47.680
Ridgecrest,CI.CLC,P,2019-07-06 03:42:54.590
Ridgecrest,CI.CLC,P,2019-07-06 03:43:11.530
Ridgecrest,CI.CLC,P,2019-07-06 03:43:35.050
Ridgecrest,CI.CLC,P,2019-07-06 03:44:12.830
Ridgecrest,CI.CLC,P,2019-07-06 03:44:20.200
Ridgecrest,CI.CLC,P,2019-07-06 03:45:11.940
Ridgecrest,CI.CLC,P,2019-07-06 03:45:57.890
Ridgecrest,CI.CLC,P,2019-07-06 03:46:30.180
Ridgecrest,CI.CLC,P,2019-07-06 03:46:42.720
Ridgecrest,CI.CLC,P,2019-07-06 03:47:56.480
Ridgecrest,CI.CLC,P,2019-07-06 03:48:26.970
Ridgecrest,CI.CLC,P,2019-07-06 03:48:39.340
Ridgecrest,CI.CLC,P,2019-07-06 03:49:30.890
Ridgecrest,CI.CLC,P,2019-07-06 03:49:54.290
Ridgecrest,CI.CLC,P,2019-07-06 03:50:09.340
Ridgecrest,CI.CLC,P,2019-07-06 03:50:13.830
Ridgecrest,CI.CLC,P,2019-07-06 03:51:02.400
Ridgecrest,CI.CLC,P,2019-07-06 03:51:41.350
Ridgecrest,CI.CLC,P,2019-07-06 03:51:56.280
Ridgecrest,CI.CLC,P,2019-07-06 03:52:06.660
Ridgecrest,CI.CLC,P,2019-07-06 03:52:25.670
Ridgecrest,CI.CLC,P,2019-07-06 03:53:02.750
Ridgecrest,CI.CLC,P,2019-07-06 03:53:23.120
Ridgecrest,CI.CLC,P,2019-07-06 03:53:42.540
Ridgecrest,CI.CLC,P,2019-07-06 03:53:43.340
Ridgecrest,CI.CLC,P,2019-07-06 03:54:18.440
Ridgecrest,CI.CLC,P,2019-07-06 03:54:48.820
Ridgecrest,CI.CLC,P,2019-07-06 03:55:22.700
Ridgecrest,CI.CLC,P,2019-07-06 03:55:50.250
Ridgecrest,CI.CLC,P,2019-07-06 03:56:03.690
Ridgecrest,CI.CLC,P,2019-07-06 03:56:13.570
Ridgecrest,CI.CLC,P,2019-07-06 03:56:27.460
Ridgecrest,CI.CLC,P,2019-07-06 03:57:40.210
Ridgecrest,CI.CLC,P,2019-07-06 03:57:52.810
Ridgecrest,CI.CLC,P,2019-07-06 03:58:13.940
Ridgecrest,CI.CLC,P,2019-07-06 03:58:29.280
Ridgecrest,CI.CLC,P,2019-07-06 03:58:51.180
Ridgecrest,CI.CLC,P,2019-07-06 03:58:58.530
Ridgecrest,CI.CLC,P,2019-07-06 03:59:12.180
Ridgecrest,CI.CLC,P,2019-07-06 03:59:26.860
Ridgecrest,CI.CLC,P,2019-07-06 03:59:50.950
Ridgecrest,CI.CLC,S,2019-07-06 03:30:04.820
Ridgecrest,CI.CLC,S,2019-07-06 03:30:35.780
Ridgecrest,CI.CLC,S,2019-07-06 03:30:47.750
Ridgecrest,CI.CLC,S,2019-07-06 03:31:15.560
Ridgecrest,CI.CLC,S,2019-07-06 03:31:30.900
Ridgecrest,CI.CLC,S,2019-07-06 03:31:37.060
Ridgecrest,CI.CLC,S,2019-07-06 03:31:53.380
Ridgecrest,CI.CLC,S,2019-07-06 03:32:17.080
Ridgecrest,CI.CLC,S,2019-07-06 03:33:27.810
Ridgecrest,CI.CLC,S,2019-07-06 03:33:43.950
Ridgecrest,CI.CLC,S,2019-07-06 03:34:00.690
Ridgecrest,CI.CLC,S,2019-07-06 03:34:23.380
Ridgecrest,CI.CLC,S,2019-07-06 03:34:32.030
Ridgecrest,CI.CLC,S,2019-07-06 03:34:47.170
Ridgecrest,CI.CLC,S,2019-07-06 03:35:12.600
Ridgecrest,CI.CLC,S,2019-07-06 03:35:29.350
Ridgecrest,CI.CLC,S,2019-07-06 03:36:02.950
Ridgecrest,CI.CLC,S,2019-07-06 03:36:21.290
Ridgecrest,CI.CLC,S,2019-07-06 03:36:34.470
Ridgecrest,CI.CLC,S,2019-07-06 03:37:09.080
Ridgecrest,CI.CLC,S,2019-07-06 03:37:29.380
Ridgecrest,CI.CLC,S,2019-07-06 03:38:27.960
Ridgecrest,CI.CLC,S,2019-07-06 03:38:44.150
Ridgecrest,CI.CLC,S,2019-07-06 03:39:07.350
Ridgecrest,CI.CLC,S,2019-07-06 03:39:23.110
Ridgecrest,CI.CLC,S,2019-07-06 03:39:39.570
Ridgecrest,CI.CLC,S,2019-07-06 03:39:46.180
Ridgecrest,CI.CLC,S,2019-07-06 03:40:09.070
Ridgecrest,CI.CLC,S,2019-07-06 03:40:18.840
Ridgecrest,CI.CLC,S,2019-07-06 03:40:35.140
Ridgecrest,CI.CLC,S,2019-07-06 03:40:46.890
Ridgecrest,CI.CLC,S,2019-07-06 03:40:55.130
Ridgecrest,CI.CLC,S,2019-07-06 03:41:43.600
Ridgecrest,CI.CLC,S,2019-07-06 03:42:28.950
Ridgecrest,CI.CLC,S,2019-07-06 03:42:49.270
Ridgecrest,CI.CLC,S,2019-07-06 03:42:56.670
Ridgecrest,CI.CLC,S,2019-07-06 03:43:13.460
Ridgecrest,CI.CLC,S,2019-07-06 03:43:37.140
Ridgecrest,CI.CLC,S,2019-07-06 03:44:14.480
Ridgecrest,CI.CLC,S,2019-07-06 03:44:22.230
Ridgecrest,CI.CLC,S,2019-07-06 03:44:55.550
Ridgecrest,CI.CLC,S,2019-07-06 03:45:13.960
Ridgecrest,CI.CLC,S,2019-07-06 03:45:18.820
Ridgecrest,CI.CLC,S,2019-07-06 03:46:00.250
Ridgecrest,CI.CLC,S,2019-07-06 03:46:32.730
Ridgecrest,CI.CLC,S,2019-07-06 03:46:45.640
Ridgecrest,CI.CLC,S,2019-07-06 03:47:13.480
Ridgecrest,CI.CLC,S,2019-07-06 03:47:59.110
Ridgecrest,CI.CLC,S,2019-07-06 03:49:35.870
Ridgecrest,CI.CLC,S,2019-07-06 03:49:55.910
Ridgecrest,CI.CLC,S,2019-07-06 03:50:13.040
Ridgecrest,CI.CLC,S,2019-07-06 03:50:15.950
Ridgecrest,CI.CLC,S,2019-07-06 03:50:39.360
Ridgecrest,CI.CLC,S,2019-07-06 03:51:04.620
Ridgecrest,CI.CLC,S,2019-07-06 03:51:43.700
Ridgecrest,CI.CLC,S,2019-07-06 03:51:58.180
Ridgecrest,CI.CLC,S,2019-07-06 03:52:08.670
Ridgecrest,CI.CLC,S,2019-07-06 03:52:27.500
Ridgecrest,CI.CLC,S,2019-07-06 03:53:04.690
Ridgecrest,CI.CLC,S,2019-07-06 03:53:24.650
Ridgecrest,CI.CLC,S,2019-07-06 03:53:44.350
Ridgecrest,CI.CLC,S,2019-07-06 03:53:45.780
Ridgecrest,CI.CLC,S,2019-07-06 03:54:02.540
Ridgecrest,CI.CLC,S,2019-07-06 03:54:20.860
Ridgecrest,CI.CLC,S,2019-07-06 03:54:50.490
Ridgecrest,CI.CLC,S,2019-07-06 03:55:24.780
Ridgecrest,CI.CLC,S,2019-07-06 03:55:51.750
Ridgecrest,CI.CLC,S,2019-07-06 03:56:05.220
Ridgecrest,CI.CLC,S,2019-07-06 03:56:09.050
Ridgecrest,CI.CLC,S,2019-07-06 03:56:29.320
Ridgecrest,CI.CLC,S,2019-07-06 03:57:42.040
Ridgecrest,CI.CLC,S,2019-07-06 03:57:54.390
Ridgecrest,CI.CLC,S,2019-07-06 03:58:16.100
Ridgecrest,CI.CLC,S,2019-07-06 03:58:32.290
Ridgecrest,CI.CLC,S,2019-07-06 03:58:54.410
Ridgecrest,CI.CLC,S,2019-07-06 03:58:59.900
Ridgecrest,CI.CLC,S,2019-07-06 03:59:29.080
Ridgecrest,CI.CLC,S,2019-07-06 03:59:52.770
Ridgecrest,CI.JRC2,P,2019-07-06 03:30:03.580
Ridgecrest,CI.JRC2,P,2019-07-06 03:30:46.130
Ridgecrest,CI.JRC2,P,2019-07-06 03:31:02.530
Ridgecrest,CI.JRC2,P,2019-07-06 03:31:13.240
Ridgecrest,CI.JRC2,P,2019-07-06 03:31:51.840
Ridgecrest,CI.JRC2,P,2019-07-06 03:32:01.030
Ridgecrest,CI.JRC2,P,2019-07-06 03:32:17.190
Ridgecrest,CI.JRC2,P,2019-07-06 03:32:28.550
Ridgecrest,CI.JRC2,P,2019-07-06 03:32:49.170
Ridgecrest,CI.JRC2,P,2019-07-06 03:33:06.340
Ridgecrest,CI.JRC2,P,2019-07-06 03:33:42.000
Ridgecrest,CI.JRC2,P,2019-07-06 03:34:29.950
Ridgecrest,CI.JRC2,P,2019-07-06 03:34:39.250
Ridgecrest,CI.JRC2,P,2019-07-06 03:35:05.780
Ridgecrest,CI.JRC2,P,2019-07-06 03:35:32.250
Ridgecrest,CI.JRC2,P,2019-07-06 03:35:52.990
Ridgecrest,CI.JRC2,P,2019-07-06 03:36:18.890
Ridgecrest,CI.JRC2,P,2019-07-06 03:36:57.340
Ridgecrest,CI.JRC2,P,2019-07-06 03:37:28.370
Ridgecrest,CI.JRC2,P,2019-07-06 03:37:52.870
Ridgecrest,CI.JRC2,P,2019-07-06 03:38:25.410
Ridgecrest,CI.JRC2,P,2019-07-06 03:39:04.430
Ridgecrest,CI.JRC2,P,2019-07-06 03:39:23.680
Ridgecrest,CI.JRC2,P,2019-07-06 03:39:36.660
Ridgecrest,CI.JRC2,P,2019-07-06 03:39:43.920
Ridgecrest,CI.JRC2,P,2019-07-06 03:41:30.670
Ridgecrest,CI.JRC2,P,2019-07-06 03:41:41.340
Ridgecrest,CI.JRC2,P,2019-07-06 03:41:48.850
Ridgecrest,CI.JRC2,P,2019-07-06 03:42:07.170
Ridgecrest,CI.JRC2,P,2019-07-06 03:42:12.570
Ridgecrest,CI.JRC2,P,2019-07-06 03:42:48.590
Ridgecrest,CI.JRC2,P,2019-07-06 03:42:55.500
Ridgecrest,CI.JRC2,P,2019-07-06 03:43:35.250
Ridgecrest,CI.JRC2,P,2019-07-06 03:44:20.480
Ridgecrest,CI.JRC2,P,2019-07-06 03:44:52.960
Ridgecrest,CI.JRC2,P,2019-07-06 03:45:11.170
Ridgecrest,CI.JRC2,P,2019-07-06 03:45:15.590
Ridgecrest,CI.JRC2,P,2019-07-06 03:45:32.210
Ridgecrest,CI.JRC2,P,2019-07-06 03:46:21.920
Ridgecrest,CI.JRC2,P,2019-07-06 03:46:34.880
Ridgecrest,CI.JRC2,P,2019-07-06 03:46:59.730
Ridgecrest,CI.JRC2,P,2019-07-06 03:47:02.530
Ridgecrest,CI.JRC2,P,2019-07-06 03:47:11.740
Ridgecrest,CI.JRC2,P,2019-07-06 03:47:55.690
Ridgecrest,CI.JRC2,P,2019-07-06 03:48:16.960
Ridgecrest,CI.JRC2,P,2019-07-06 03:48:27.180
Ridgecrest,CI.JRC2,P,2019-07-06 03:48:38.530
Ridgecrest,CI.JRC2,P,2019-07-06 03:49:00.180
Ridgecrest,CI.JRC2,P,2019-07-06 03:49:56.300
Ridgecrest,CI.JRC2,P,2019-07-06 03:50:13.550
Ridgecrest,CI.JRC2,P,2019-07-06 03:50:36.620
Ridgecrest,CI.JRC2,P,2019-07-06 03:50:52.040
Ridgecrest,CI.JRC2,P,2019-07-06 03:51:02.570
Ridgecrest,CI.JRC2,P,2019-07-06 03:51:23.100
Ridgecrest,CI.JRC2,P,2019-07-06 03:51:41.430
Ridgecrest,CI.JRC2,P,2019-07-06 03:51:49.050
Ridgecrest,CI.JRC2,P,2019-07-06 03:52:06.870
Ridgecrest,CI.JRC2,P,2019-07-06 03:52:29.620
Ridgecrest,CI.JRC2,P,2019-07-06 03:53:01.370
Ridgecrest,CI.JRC2,P,2019-07-06 03:54:00.980
Ridgecrest,CI.JRC2,P,2019-07-06 03:54:12.300
Ridgecrest,CI.JRC2,P,2019-07-06 03:54:17.910
Ridgecrest,CI.JRC2,P,2019-07-06 03:54:52.370
Ridgecrest,CI.JRC2,P,2019-07-06 03:55:22.960
Ridgecrest,CI.JRC2,P,2019-07-06 03:56:04.650
Ridgecrest,CI.JRC2,P,2019-07-06 03:56:13.040
Ridgecrest,CI.JRC2,P,2019-07-06 03:56:35.740
Ridgecrest,CI.JRC2,P,2019-07-06 03:56:47.340
Ridgecrest,CI.JRC2,P,2019-07-06 03:57:14.820
Ridgecrest,CI.JRC2,P,2019-07-06 03:57:40.840
Ridgecrest,CI.JRC2,P,2019-07-06 03:57:54.390
Ridgecrest,CI.JRC2,P,2019-07-06 03:58:14.520
Ridgecrest,CI.JRC2,P,2019-07-06 03:59:00.470
Ridgecrest,CI.JRC2,P,2019-07-06 03:59:26.740
Ridgecrest,CI.JRC2,P,2019-07-06 03:59:51.480
Ridgecrest,CI.SRT,P,2019-07-06 03:30:04.970
Ridgecrest,CI.SRT,P,2019-07-06 03:30:31.610
Ridgecrest,CI.SRT,P,2019-07-06 03:31:37.480
Ridgecrest,CI.SRT,P,2019-07-06 03:31:53.240
Ridgecrest,CI.SRT,P,2019-07-06 03:32:50.500
Ridgecrest,CI.SRT,P,2019-07-06 03:33:25.010
Ridgecrest,CI.SRT,P,2019-07-06 03:33:43.160
Ridgecrest,CI.SRT,P,2019-07-06 03:33:54.520
Ridgecrest,CI.SRT,P,2019-07-06 03:34:00.260
Ridgecrest,CI.SRT,P,2019-07-06 03:34:24.990
Ridgecrest,CI.SRT,P,2019-07-06 03:35:10.120
Ridgecrest,CI.SRT,P,2019-07-06 03:36:02.100
Ridgecrest,CI.SRT,P,2019-07-06 03:36:21.110
Ridgecrest,CI.SRT,P,2019-07-06 03:36:32.290
Ridgecrest,CI.SRT,P,2019-07-06 03:37:09.200
Ridgecrest,CI.SRT,P,2019-07-06 03:37:49.220
Ridgecrest,CI.SRT,P,2019-07-06 03:38:44.620
Ridgecrest,CI.SRT,P,2019-07-06 03:39:01.090
Ridgecrest,CI.SRT,P,2019-07-06 03:39:06.510
Ridgecrest,CI.SRT,P,2019-07-06 03:39:20.210
Ridgecrest,CI.SRT,P,2019-07-06 03:39:38.680
Ridgecrest,CI.SRT,P,2019-07-06 03:40:08.900
Ridgecrest,CI.SRT,P,2019-07-06 03:40:19.730
Ridgecrest,CI.SRT,P,2019-07-06 03:40:35.570
Ridgecrest,CI.SRT,P,2019-07-06 03:40:47.350
Ridgecrest,CI.SRT,P,2019-07-06 03:40:54.840
Ridgecrest,CI.SRT,P,2019-07-06 03:41:42.880
Ridgecrest,CI.SRT,P,2019-07-06 03:42:13.670
Ridgecrest,CI.SRT,P,2019-07-06 03:42:29.340
Ridgecrest,CI.SRT,P,2019-07-06 03:42:56.690
Ridgecrest,CI.SRT,P,2019-07-06 03:43:13.380
Ridgecrest,CI.SRT,P,2019-07-06 03:44:06.400
Ridgecrest,CI.SRT,P,2019-07-06 03:44:14.660
Ridgecrest,CI.SRT,P,2019-07-06 03:45:59.200
Ridgecrest,CI.SRT,P,2019-07-06 03:46:31.820
Ridgecrest,CI.SRT,P,2019-07-06 03:47:01.500
Ridgecrest,CI.SRT,P,2019-07-06 03:47:57.970
Ridgecrest,CI.SRT,P,2019-07-06 03:49:55.860
Ridgecrest,CI.SRT,P,2019-07-06 03:50:10.260
Ridgecrest,CI.SRT,P,2019-07-06 03:50:15.530
Ridgecrest,CI.SRT,P,2019-07-06 03:51:04.380
Ridgecrest,CI.SRT,P,2019-07-06 03:52:27.080
Ridgecrest,CI.SRT,P,2019-07-06 03:53:04.350
Ridgecrest,CI.SRT,P,2019-07-06 03:53:24.780
Ridgecrest,CI.SRT,P,2019-07-06 03:53:44.230
Ridgecrest,CI.SRT,P,2019-07-06 03:54:20.210
Ridgecrest,CI.SRT,P,2019-07-06 03:54:50.600
Ridgecrest,CI.SRT,P,2019-07-06 03:55:24.810
Ridgecrest,CI.SRT,P,2019-07-06 03:55:51.820
Ridgecrest,CI.SRT,P,2019-07-06 03:56:38.380
Ridgecrest,CI.SRT,P,2019-07-06 03:57:42.350
Ridgecrest,CI.SRT,P,2019-07-06 03:57:55.120
Ridgecrest,CI.SRT,P,2019-07-06 03:58:30.390
Ridgecrest,CI.SRT,P,2019-07-06 03:58:52.210
Ridgecrest,CI.SRT,P,2019-07-06 03:59:00.380
Ridgecrest,CI.SRT,P,2019-07-06 03:59:52.700
Ridgecrest,CI.JRC2,S,2019-07-06 03:29:55.590
Ridgecrest,CI.JRC2,S,2019-07-06 03:30:05.770
Ridgecrest,CI.JRC2,S,2019-07-06 03:30:43.410
Ridgecrest,CI.JRC2,S,2019-07-06 03:30:48.270
Ridgecrest,CI.JRC2,S,2019-07-06 03:31:04.340
Ridgecrest,CI.JRC2,S,2019-07-06 03:31:15.320
Ridgecrest,CI.JRC2,S,2019-07-06 03:31:44.590
Ridgecrest,CI.JRC2,S,2019-07-06 03:31:54.010
Ridgecrest,CI.JRC2,S,2019-07-06 03:32:03.170
Ridgecrest,CI.JRC2,S,2019-07-06 03:32:19.890
Ridgecrest,CI.JRC2,S,2019-07-06 03:32:30.550
Ridgecrest,CI.JRC2,S,2019-07-06 03:32:50.990
Ridgecrest,CI.JRC2,S,2019-07-06 03:33:34.780
Ridgecrest,CI.JRC2,S,2019-07-06 03:33:44.110
Ridgecrest,CI.JRC2,S,2019-07-06 03:34:01.840
Ridgecrest,CI.JRC2,S,2019-07-06 03:34:32.080
Ridgecrest,CI.JRC2,S,2019-07-06 03:34:41.180
Ridgecrest,CI.JRC2,S,2019-07-06 03:35:20.590
Ridgecrest,CI.JRC2,S,2019-07-06 03:35:33.530
Ridgecrest,CI.JRC2,S,2019-07-06 03:35:55.240
Ridgecrest,CI.JRC2,S,2019-07-06 03:36:20.860
Ridgecrest,CI.JRC2,S,2019-07-06 03:36:41.120
Ridgecrest,CI.JRC2,S,2019-07-06 03:36:59.270
Ridgecrest,CI.JRC2,S,2019-07-06 03:37:30.710
Ridgecrest,CI.JRC2,S,2019-07-06 03:38:27.400
Ridgecrest,CI.JRC2,S,2019-07-06 03:38:49.740
Ridgecrest,CI.JRC2,S,2019-07-06 03:39:14.050
Ridgecrest,CI.JRC2,S,2019-07-06 03:39:30.470
Ridgecrest,CI.JRC2,S,2019-07-06 03:39:38.550
Ridgecrest,CI.JRC2,S,2019-07-06 03:39:45.880
Ridgecrest,CI.JRC2,S,2019-07-06 03:40:41.130
Ridgecrest,CI.JRC2,S,2019-07-06 03:40:48.850
Ridgecrest,CI.JRC2,S,2019-07-06 03:41:32.330
Ridgecrest,CI.JRC2,S,2019-07-06 03:41:43.370
Ridgecrest,CI.JRC2,S,2019-07-06 03:41:50.560
Ridgecrest,CI.JRC2,S,2019-07-06 03:42:08.930
Ridgecrest,CI.JRC2,S,2019-07-06 03:42:14.550
Ridgecrest,CI.JRC2,S,2019-07-06 03:42:51.720
Ridgecrest,CI.JRC2,S,2019-07-06 03:43:37.460
Ridgecrest,CI.JRC2,S,2019-07-06 03:44:54.860
Ridgecrest,CI.JRC2,S,2019-07-06 03:45:17.610
Ridgecrest,CI.JRC2,S,2019-07-06 03:45:34.090
Ridgecrest,CI.JRC2,S,2019-07-06 03:46:06.790
Ridgecrest,CI.JRC2,S,2019-07-06 03:46:23.740
Ridgecrest,CI.JRC2,S,2019-07-06 03:46:40.580
Ridgecrest,CI.JRC2,S,2019-07-06 03:47:01.800
Ridgecrest,CI.JRC2,S,2019-07-06 03:47:04.380
Ridgecrest,CI.JRC2,S,2019-07-06 03:47:13.390
Ridgecrest,CI.JRC2,S,2019-07-06 03:47:57.910
Ridgecrest,CI.JRC2,S,2019-07-06 03:48:18.710
Ridgecrest,CI.JRC2,S,2019-07-06 03:48:40.300
Ridgecrest,CI.JRC2,S,2019-07-06 03:49:01.930
Ridgecrest,CI.JRC2,S,2019-07-06 03:49:59.030
Ridgecrest,CI.JRC2,S,2019-07-06 03:50:15.310
Ridgecrest,CI.JRC2,S,2019-07-06 03:50:38.580
Ridgecrest,CI.JRC2,S,2019-07-06 03:50:54.020
Ridgecrest,CI.JRC2,S,2019-07-06 03:51:04.840
Ridgecrest,CI.JRC2,S,2019-07-06 03:51:25.360
Ridgecrest,CI.JRC2,S,2019-07-06 03:51:43.600
Ridgecrest,CI.JRC2,S,2019-07-06 03:52:09.150
Ridgecrest,CI.JRC2,S,2019-07-06 03:52:33.610
Ridgecrest,CI.JRC2,S,2019-07-06 03:53:02.990
Ridgecrest,CI.JRC2,S,2019-07-06 03:54:03.430
Ridgecrest,CI.JRC2,S,2019-07-06 03:54:14.020
Ridgecrest,CI.JRC2,S,2019-07-06 03:54:19.680
Ridgecrest,CI.JRC2,S,2019-07-06 03:54:56.330
Ridgecrest,CI.JRC2,S,2019-07-06 03:55:25.160
Ridgecrest,CI.JRC2,S,2019-07-06 03:56:14.720
Ridgecrest,CI.JRC2,S,2019-07-06 03:56:37.460
Ridgecrest,CI.JRC2,S,2019-07-06 03:56:49.280
Ridgecrest,CI.JRC2,S,2019-07-06 03:57:16.680
Ridgecrest,CI.JRC2,S,2019-07-06 03:57:42.920
Ridgecrest,CI.JRC2,S,2019-07-06 03:57:56.720
Ridgecrest,CI.JRC2,S,2019-07-06 03:58:16.910
Ridgecrest,CI.JRC2,S,2019-07-06 03:59:02.480
Ridgecrest,CI.JRC2,S,2019-07-06 03:59:15.410
Ridgecrest,CI.JRC2,S,2019-07-06 03:59:28.790
Ridgecrest,CI.SRT,S,2019-07-06 03:30:37.610
Ridgecrest,CI.SRT,S,2019-07-06 03:33:46.420
Ridgecrest,CI.SRT,S,2019-07-06 03:35:14.210
Ridgecrest,CI.SRT,S,2019-07-06 03:35:30.650
Ridgecrest,CI.SRT,S,2019-07-06 03:36:24.990
Ridgecrest,CI.SRT,S,2019-07-06 03:37:12.730
Ridgecrest,CI.SRT,S,2019-07-06 03:38:46.880
Ridgecrest,CI.SRT,S,2019-07-06 03:39:09.840
Ridgecrest,CI.SRT,S,2019-07-06 03:39:24.990
Ridgecrest,CI.SRT,S,2019-07-06 03:39:42.750
Ridgecrest,CI.SRT,S,2019-07-06 03:39:49.280
Ridgecrest,CI.SRT,S,2019-07-06 03:40:38.850
Ridgecrest,CI.SRT,S,2019-07-06 03:40:50.020
Ridgecrest,CI.SRT,S,2019-07-06 03:40:58.010
Ridgecrest,CI.SRT,S,2019-07-06 03:41:46.820
Ridgecrest,CI.SRT,S,2019-07-06 03:42:32.570
Ridgecrest,CI.SRT,S,2019-07-06 03:43:17.140
Ridgecrest,CI.SRT,S,2019-07-06 03:44:17.080
Ridgecrest,CI.SRT,S,2019-07-06 03:46:02.990
Ridgecrest,CI.SRT,S,2019-07-06 03:49:58.130
Ridgecrest,CI.SRT,S,2019-07-06 03:50:19.520
Ridgecrest,CI.SRT,S,2019-07-06 03:53:28.120
Ridgecrest,CI.SRT,S,2019-07-06 03:54:54.010
Ridgecrest,CI.SRT,S,2019-07-06 03:55:28.890
Ridgecrest,CI.SRT,S,2019-07-06 03:55:55.000
Ridgecrest,CI.SRT,S,2019-07-06 03:58:55.460
Ridgecrest,CI.SRT,S,2019-07-06 03:59:02.540
Ridgecrest,CI.TOW2,S,2019-07-06 03:30:39.840
Ridgecrest,CI.TOW2,S,2019-07-06 03:30:46.750
Ridgecrest,CI.TOW2,S,2019-07-06 03:32:31.020
Ridgecrest,CI.TOW2,S,2019-07-06 03:33:08.670
Ridgecrest,CI.TOW2,S,2019-07-06 03:34:01.130
Ridgecrest,CI.TOW2,S,2019-07-06 03:34:27.590
Ridgecrest,CI.TOW2,S,2019-07-06 03:34:31.840
Ridgecrest,CI.TOW2,S,2019-07-06 03:34:49.010
Ridgecrest,CI.TOW2,S,2019-07-06 03:35:53.980
Ridgecrest,CI.TOW2,S,2019-07-06 03:36:22.140
Ridgecrest,CI.TOW2,S,2019-07-06 03:38:46.540
Ridgecrest,CI.TOW2,S,2019-07-06 03:39:10.620
Ridgecrest,CI.TOW2,S,2019-07-06 03:39:39.360
Ridgecrest,CI.TOW2,S,2019-07-06 03:40:19.940
Ridgecrest,CI.TOW2,S,2019-07-06 03:40:48.170
Ridgecrest,CI.TOW2,S,2019-07-06 03:41:43.700
Ridgecrest,CI.TOW2,S,2019-07-06 03:43:14.200
Ridgecrest,CI.TOW2,S,2019-07-06 03:43:35.900
Ridgecrest,CI.TOW2,S,2019-07-06 03:44:21.860
Ridgecrest,CI.TOW2,S,2019-07-06 03:44:55.160
Ridgecrest,CI.TOW2,S,2019-07-06 03:45:34.530
Ridgecrest,CI.TOW2,S,2019-07-06 03:49:57.110
Ridgecrest,CI.TOW2,S,2019-07-06 03:50:16.240
Ridgecrest,CI.TOW2,S,2019-07-06 03:50:54.950
Ridgecrest,CI.TOW2,S,2019-07-06 03:51:42.850
Ridgecrest,CI.TOW2,S,2019-07-06 03:53:07.620
Ridgecrest,CI.TOW2,S,2019-07-06 03:53:28.250
Ridgecrest,CI.TOW2,S,2019-07-06 03:54:13.840
Ridgecrest,CI.TOW2,S,2019-07-06 03:56:28.470
San Simeon,CI.PHL,P,2003-12-22 19:37:49.490
San Simeon,CI.PHL,P,2003-12-22 19:46:45.150
San Simeon,CI.PHL,P,2003-12-22 19:49:30.940
San Simeon,CI.PHL,P,2003-12-22 19:53:39.190
San Simeon,CI.PHL,P,2003-12-22 19:56:55.450
San Simeon,CI.PHL,P,2003-12-22 19:58:20.540
San Simeon,CI.PHL,P,2003-12-22 19:59:39.810
San Simeon,CI.PHL,P,2003-12-22 20:01:38.780
San Simeon,CI.PHL,P,2003-12-22 20:05:45.890
San Simeon,CI.PHL,P,2003-12-22 20:06:25.150
San Simeon,CI.PHL,P,2003-12-22 20:13:31.470
San Simeon,CI.PHL,P,2003-12-22 20:34:19.970
San Simeon,CI.PHL,P,2003-12-22 20:35:04.390
San Simeon,CI.PHL,P,2003-12-22 20:38:31.440
San Simeon,CI.PHL,P,2003-12-22 20:41:42.730
San Simeon,CI.PHL,P,2003-12-22 20:41:53.630
San Simeon,CI.PHL,P,2003-12-22 20:44:29.480
San Simeon,CI.PHL,P,2003-12-22 20:47:10.500
San Simeon,CI.PHL,P,2003-12-22 20:48:23.050
San Simeon,CI.PHL,P,2003-12-22 20:50:08.530
San Simeon,CI.PHL,P,2003-12-22 20:56:14.540
San Simeon,CI.PHL,P,2003-12-22 20:58:15.750
San Simeon,CI.PHL,P,2003-12-22 20:59:03.740
San Simeon,CI.PHL,P,2003-12-22 21:03:39.880
San Simeon,CI.PHL,P,2003-12-22 21:05:17.780
San Simeon,CI.PHL,P,2003-12-22 21:06:18.080
San Simeon,CI.PHL,P,2003-12-22 21:10:40.520
San Simeon,CI.PHL,P,2003-12-22 21:16:11.880
San Simeon,CI.PHL,P,2003-12-22 21:22:39.150
San Simeon,CI.PHL,P,2003-12-22 21:25:16.870
San Simeon,BK.PKD,P,2003-12-22 19:49:31.880
San Simeon,BK.PKD,P,2003-12-22 19:53:39.550
San Simeon,BK.PKD,P,2003-12-22 19:59:40.880
San Simeon,BK.PKD,P,2003-12-22 20:01:41.110
San Simeon,BK.PKD,P,2003-12-22 20:06:24.680
San Simeon,BK.PKD,P,2003-12-22 20:29:38.170
San Simeon,BK.PKD,P,2003-12-22 20:41:44.690
San Simeon,BK.PKD,P,2003-12-22 20:41:53.630
San Simeon,BK.PKD,P,2003-12-22 20:59:04.430
San Simeon,BK.PKD,P,2003-12-22 21:03:42.210
San Simeon,BK.PKD,P,2003-12-22 21:05:17.820
San Simeon,BK.PKD,P,2003-12-22 21:06:20.210
San Simeon,BK.PKD,P,2003-12-22 21:10:42.870
San Simeon,BK.PKD,P,2003-12-22 21:22:38.700
San Simeon,BK.PKD,P,2003-12-22 21:25:20.490
San Simeon,CI.SMM,P,2003-12-22 19:53:47.480
San Simeon,CI.SMM,P,2003-12-22 19:59:48.000
San Simeon,CI.SMM,P,2003-12-22 20:01:47.120
San Simeon,CI.SMM,P,2003-12-22 20:06:33.550
San Simeon,CI.SMM,P,2003-12-22 20:42:01.870
San Simeon,CI.SMM,P,2003-12-22 21:03:48.040
San Simeon,CI.SMM,P,2003-12-22 21:06:26.570
San Simeon,CI.SMM,P,2003-12-22 21:10:48.740
San Simeon,CI.SMM,P,2003-12-22 21:25:25.260
San Simeon,BK.PKD,S,2003-12-22 19:53:47.020
San Simeon,BK.PKD,S,2003-12-22 19:59:47.780
San Simeon,BK.PKD,S,2003-12-22 20:01:47.640
San Simeon,BK.PKD,S,2003-12-22 20:06:31.970
San Simeon,BK.PKD,S,2003-12-22 20:29:45.220
San Simeon,BK.PKD,S,2003-12-22 20:42:00.730
San Simeon,BK.PKD,S,2003-12-22 20:59:11.520
San Simeon,BK.PKD,S,2003-12-22 21:03:48.740
San Simeon,BK.PKD,S,2003-12-22 21:05:25.090
San Simeon,BK.PKD,S,2003-12-22 21:06:27.240
San Simeon,BK.PKD,S,2003-12-22 21:10:48.940
San Simeon,BK.PKD,S,2003-12-22 21:22:45.130
San Simeon,CI.LCP,P,2003-12-22 19:59:51.790
San Simeon,CI.LCP,P,2003-12-22 20:01:51.430
San Simeon,CI.LCP,P,2003-12-22 20:06:36.680
San Simeon,CI.LCP,P,2003-12-22 20:59:15.680
San Simeon,CI.LCP,P,2003-12-22 21:10:54.070
San Simeon,CI.PHL,S,2003-12-22 19:59:45.930
San Simeon,CI.PHL,S,2003-12-22 21:03:45.160
San Simeon,CI.SMM,S,2003-12-22 20:01:58.230
San Simeon,CI.SMM,S,2003-12-22 20:42:14.850
San Simeon,BK.SAO,P,2003-12-22 20:06:35.100
San Simeon,BK.SAO,P,2003-12-22 20:42:04.710
San Simeon,BK.SAO,P,2003-12-22 20:42:05.390
Monte Cristo,NN.LHV,P,2020-05-15 11:26:11.930
Monte Cristo,NN.LHV,P,2020-05-15 11:36:20.840
Monte Cristo,NN.LHV,P,2020-05-15 11:38:17.260
Monte Cristo,NN.LHV,P,2020-05-15 11:50:21.430
Monte Cristo,NN.LHV,P,2020-05-15 11:51:23.000
Monte Cristo,NN.LHV,P,2020-05-15 12:06:10.560
Monte Cristo,NN.LHV,P,2020-05-15 12:08:44.470
Monte Cristo,NN.LHV,P,2020-05-15 12:16:13.540
Monte Cristo,NN.LHV,P,2020-05-15 12:17:13.530
Monte Cristo,NN.LHV,P,2020-05-15 12:24:11.800
Monte Cristo,NN.LHV,P,2020-05-15 12:27:08.110
Monte Cristo,NN.LHV,P,2020-05-15 12:43:14.170
Monte Cristo,NN.LHV,P,2020-05-15 12:50:32.720
Monte Cristo,NN.LHV,P,2020-05-15 13:06:07.360
Monte Cristo,NN.LHV,P,2020-05-15 13:09:08.090
Monte Cristo,NN.LHV,P,2020-05-15 13:11:23.070
Monte Cristo,NN.LHV,S,2020-05-15 11:26:19.010
Monte Cristo,NN.LHV,S,2020-05-15 11:38:23.790
Monte Cristo,NN.LHV,S,2020-05-15 11:51:29.090
Monte Cristo,NN.LHV,S,2020-05-15 12:06:16.870
Monte Cristo,NN.LHV,S,2020-05-15 12:08:50.460
Monte Cristo,NN.LHV,S,2020-05-15 12:16:20.150
Monte Cristo,NN.LHV,S,2020-05-15 12:24:19.500
Monte Cristo,NN.LHV,S,2020-05-15 12:27:13.020
Monte Cristo,NN.LHV,S,2020-05-15 12:43:20.430
Monte Cristo,NN.LHV,S,2020-05-15 12:50:40.240
Monte Cristo,NN.LHV,S,2020-05-15 13:09:15.940
Monte Cristo,NN.LHV,S,2020-05-15 13:11:29.640
Mendocino 2024,NC.KCT,P,2024-12-05 18:57:18.270
Mendocino 2024,NC.KCT,P,2024-12-05 18:59:13.370
Mendocino 2024,NC.KCT,P,2024-12-05 19:02:54.290
Mendocino 2024,NC.KCT,P,2024-12-05 19:05:58.470
Mendocino 2024,NC.KCT,P,2024-12-05 19:10:18.610
Mendocino 2024,NC.KCT,P,2024-12-05 19:14:54.860
Mendocino 2024,NC.KCT,P,2024-12-05 19:15:14.490
Mendocino 2024,NC.KCT,P,2024-12-05 19:18:26.650
Mendocino 2024,NC.KCT,P,2024-12-05 19:18:59.790
Mendocino 2024,NC.KCT,P,2024-12-05 19:21:22.490
Mendocino 2024,NC.KCT,P,2024-12-05 19:25:19.930
Mendocino 2024,NC.KCT,P,2024-12-05 19:25:33.950
Mendocino 2024,NC.KCT,P,2024-12-05 19:25:43.730
Mendocino 2024,NC.KCT,P,2024-12-05 19:26:26.960
Mendocino 2024,NC.KCT,P,2024-12-05 19:29:00.450
Mendocino 2024,NC.KCT,P,2024-12-05 19:31:33.200
Mendocino 2024,NC.KCT,P,2024-12-05 19:36:49.590
Mendocino 2024,NC.KCT,P,2024-12-05 19:38:12.690
Mendocino 2024,NC.KCT,P,2024-12-05 19:43:12.790
Mendocino 2024,NC.KCT,P,2024-12-05 19:47:04.170
Mendocino 2024,NC.KCT,P,2024-12-05 19:48:33.240
Mendocino 2024,NC.KCT,P,2024-12-05 19:55:45.840
Mendocino 2024,NC.KCT,P,2024-12-05 19:58:08.880
Mendocino 2024,NC.KCT,P,2024-12-05 20:00:26.590
Mendocino 2024,NC.KCT,P,2024-12-05 20:04:33.400
Mendocino 2024,NC.KCT,P,2024-12-05 20:04:53.330
Mendocino 2024,NC.KCT,P,2024-12-05 20:06:15.830
Mendocino 2024,NC.KCT,P,2024-12-05 20:09:01.650
Mendocino 2024,NC.KCT,P,2024-12-05 20:09:45.440
Mendocino 2024,NC.KCT,P,2024-12-05 20:12:21.120
Mendocino 2024,NC.KCT,P,2024-12-05 20:16:14.340
Mendocino 2024,NC.KCT,P,2024-12-05 20:21:15.250
Mendocino 2024,NC.KCT,P,2024-12-05 20:28:52.940
Mendocino 2024,NC.KCT,P,2024-12-05 20:32:40.330
Mendocino 2024,NC.KCT,P,2024-12-05 20:39:33.300
Mendocino 2024,NC.KCT,P,2024-12-05 20:39:40.490
Mendocino 2024,NC.KCT,P,2024-12-05 20:46:06.900
Mendocino 2024,NC.KCT,P,2024-12-05 20:46:57.820
Mendocino 2024,NC.KCT,P,2024-12-05 20:48:23.290
Mendocino 2024,NC.KCT,P,2024-12-05 20:49:56.130
Mendocino 2024,NC.KCT,P,2024-12-05 20:51:07.340
Mendocino 2024,NC.KCT,P,2024-12-05 20:54:08.980
Mendocino 2024,NC.KCT,S,2024-12-05 18:59:21.710
Mendocino 2024,NC.KCT,S,2024-12-05 19:03:02.090
Mendocino 2024,NC.KCT,S,2024-12-05 19:06:04.810
Mendocino 2024,NC.KCT,S,2024-12-05 19:10:26.210
Mendocino 2024,NC.KCT,S,2024-12-05 19:15:02.990
Mendocino 2024,NC.KCT,S,2024-12-05 19:15:23.490
Mendocino 2024,NC.KCT,S,2024-12-05 19:18:32.380
Mendocino 2024,NC.KCT,S,2024-12-05 19:21:28.240
Mendocino 2024,NC.KCT,S,2024-12-05 19:25:26.620
Mendocino 2024,NC.KCT,S,2024-12-05 19:25:39.210
Mendocino 2024,NC.KCT,S,2024-12-05 19:25:48.980
Mendocino 2024,NC.KCT,S,2024-12-05 19:26:34.030
Mendocino 2024,NC.KCT,S,2024-12-05 19:29:09.110
Mendocino 2024,NC.KCT,S,2024-12-05 19:31:40.410
Mendocino 2024,NC.KCT,S,2024-12-05 19:36:57.730
Mendocino 2024,NC.KCT,S,2024-12-05 19:48:40.200
Mendocino 2024,NC.KCT,S,2024-12-05 19:55:54.290
Mendocino 2024,NC.KCT,S,2024-12-05 19:58:13.570
Mendocino 2024,NC.KCT,S,2024-12-05 20:00:30.810
Mendocino 2024,NC.KCT,S,2024-12-05 20:04:41.080
Mendocino 2024,NC.KCT,S,2024-12-05 20:04:59.730
Mendocino 2024,NC.KCT,S,2024-12-05 20:09:08.770
Mendocino 2024,NC.KCT,S,2024-12-05 20:09:53.290
Mendocino 2024,NC.KCT,S,2024-12-05 20:12:28.950
Mendocino 2024,NC.KCT,S,2024-12-05 20:16:19.500
Mendocino 2024,NC.KCT,S,2024-12-05 20:21:22.750
Mendocino 2024,NC.KCT,S,2024-12-05 20:32:46.960
Mendocino 2024,NC.KCT,S,2024-12-05 20:39:48.980
Mendocino 2024,NC.KCT,S,2024-12-05 20:51:14.940
Mendocino 2024,NC.KCT,S,2024-12-05 20:54:17.630
Mendocino 2024,BK.PETL,P,2024-12-05 18:57:16.950
Mendocino 2024,BK.PETL,P,2024-12-05 18:59:12.180
Mendocino 2024,BK.PETL,P,2024-12-05 19:02:52.800
Mendocino 2024,BK.PETL,P,2024-12-05 19:05:56.990
Mendocino 2024,BK.PETL,P,2024-12-05 19:10:17.390
Mendocino 2024,BK.PETL,P,2024-12-05 19:14:54.110
Mendocino 2024,BK.PETL,P,2024-12-05 19:15:14.240
Mendocino 2024,BK.PETL,P,2024-12-05 19:18:25.920
Mendocino 2024,BK.PETL,P,2024-12-05 19:18:59.140
Mendocino 2024,BK.PETL,P,2024-12-05 19:21:20.950
Mendocino 2024,BK.PETL,P,2024-12-05 19:25:18.800
Mendocino 2024,BK.PETL,P,2024-12-05 19:25:32.640
Mendocino 2024,BK.PETL,P,2024-12-05 19:25:42.830
Mendocino 2024,BK.PETL,P,2024-12-05 19:26:25.770
Mendocino 2024,BK.PETL,P,2024-12-05 19:28:59.510
Mendocino 2024,BK.PETL,P,2024-12-05 19:31:31.860
Mendocino 2024,BK.PETL,P,2024-12-05 19:36:48.710
Mendocino 2024,BK.PETL,P,2024-12-05 19:38:11.980
Mendocino 2024,BK.PETL,P,2024-12-05 19:43:11.940
Mendocino 2024,BK.PETL,P,2024-12-05 19:47:03.230
Mendocino 2024,BK.PETL,P,2024-12-05 19:48:32.990
Mendocino 2024,BK.PETL,P,2024-12-05 19:55:44.690
Mendocino 2024,BK.PETL,P,2024-12-05 19:58:07.170
Mendocino 2024,BK.PETL,P,2024-12-05 20:00:27.310
Mendocino 2024,BK.PETL,P,2024-12-05 20:06:13.920
Mendocino 2024,BK.PETL,P,2024-12-05 20:09:01.190
Mendocino 2024,BK.PETL,P,2024-12-05 20:09:44.430
Mendocino 2024,BK.PETL,P,2024-12-05 20:12:19.840
Mendocino 2024,BK.PETL,P,2024-12-05 20:16:12.750
Mendocino 2024,BK.PETL,P,2024-12-05 20:21:14.060
Mendocino 2024,BK.PETL,P,2024-12-05 20:28:51.370
Mendocino 2024,BK.PETL,P,2024-12-05 20:39:31.140
Mendocino 2024,BK.PETL,P,2024-12-05 20:39:39.670
Mendocino 2024,BK.PETL,P,2024-12-05 20:45:31.770
Mendocino 2024,BK.PETL,P,2024-12-05 20:46:06.280
Mendocino 2024,BK.PETL,P,2024-12-05 20:46:58.850
Mendocino 2024,BK.PETL,P,2024-12-05 20:48:22.580
Mendocino 2024,BK.PETL,P,2024-12-05 20:49:55.920
Mendocino 2024,BK.PETL,P,2024-12-05 20:51:06.430
Mendocino 2024,BK.PETL,P,2024-12-05 20:54:08.680
Mendocino 2024,BK.PETL,S,2024-12-05 18:57:21.190
Mendocino 2024,BK.PETL,S,2024-12-05 18:59:20.180
Mendocino 2024,BK.PETL,S,2024-12-05 19:03:00.290
Mendocino 2024,BK.PETL,S,2024-12-05 19:06:02.210
Mendocino 2024,BK.PETL,S,2024-12-05 19:10:23.990
Mendocino 2024,BK.PETL,S,2024-12-05 19:15:01.200
Mendocino 2024,BK.PETL,S,2024-12-05 19:15:20.920
Mendocino 2024,BK.PETL,S,2024-12-05 19:18:31.090
Mendocino 2024,BK.PETL,S,2024-12-05 19:21:25.800
Mendocino 2024,BK.PETL,S,2024-12-05 19:25:23.980
Mendocino 2024,BK.PETL,S,2024-12-05 19:25:36.640
Mendocino 2024,BK.PETL,S,2024-12-05 19:25:46.420
Mendocino 2024,BK.PETL,S,2024-12-05 19:26:31.280
Mendocino 2024,BK.PETL,S,2024-12-05 19:29:06.430
Mendocino 2024,BK.PETL,S,2024-12-05 19:31:38.230
Mendocino 2024,BK.PETL,S,2024-12-05 19:36:55.810
Mendocino 2024,BK.PETL,S,2024-12-05 19:38:19.430
Mendocino 2024,BK.PETL,S,2024-12-05 19:43:19.220
Mendocino 2024,BK.PETL,S,2024-12-05 19:58:09.730
Mendocino 2024,BK.PETL,S,2024-12-05 20:00:31.920
Mendocino 2024,BK.PETL,S,2024-12-05 20:06:18.470
Mendocino 2024,BK.PETL,S,2024-12-05 20:09:07.170
Mendocino 2024,BK.PETL,S,2024-12-05 20:09:50.680
Mendocino 2024,BK.PETL,S,2024-12-05 20:12:26.360
Mendocino 2024,BK.PETL,S,2024-12-05 20:16:16.340
Mendocino 2024,BK.PETL,S,2024-12-05 20:21:20.300
Mendocino 2024,BK.PETL,S,2024-12-05 20:28:55.020
Mendocino 2024,BK.PETL,S,2024-12-05 20:39:47.750
Mendocino 2024,BK.PETL,S,2024-12-05 20:45:34.770
Mendocino 2024,BK.PETL,S,2024-12-05 20:48:28.620
Mendocino 2024,BK.PETL,S,2024-12-05 20:50:06.040
Mendocino 2024,BK.PETL,S,2024-12-05 20:51:12.240
Mendocino 2024,BK.PETL,S,2024-12-05 20:54:15.350
Mendocino 2024,BK.WLKR,P,2024-12-05 18:57:17.210
Mendocino 2024,BK.WLKR,P,2024-12-05 18:59:12.490
Mendocino 2024,BK.WLKR,P,2024-12-05 19:02:53.670
Mendocino 2024,BK.WLKR,P,2024-12-05 19:05:57.320
Mendocino 2024,BK.WLKR,P,2024-12-05 19:10:17.780
Mendocino 2024,BK.WLKR,P,2024-12-05 19:14:54.480
Mendocino 2024,BK.WLKR,P,2024-12-05 19:15:14.990
Mendocino 2024,BK.WLKR,P,2024-12-05 19:18:26.300
Mendocino 2024,BK.WLKR,P,2024-12-05 19:18:58.830
Mendocino 2024,BK.WLKR,P,2024-12-05 19:21:21.370
Mendocino 2024,BK.WLKR,P,2024-12-05 19:25:19.310
Mendocino 2024,BK.WLKR,P,2024-12-05 19:25:33.090
Mendocino 2024,BK.WLKR,P,2024-12-05 19:25:43.000
Mendocino 2024,BK.WLKR,P,2024-12-05 19:26:25.860
Mendocino 2024,BK.WLKR,P,2024-12-05 19:29:00.000
Mendocino 2024,BK.WLKR,P,2024-12-05 19:31:32.160
Mendocino 2024,BK.WLKR,P,2024-12-05 19:36:49.030
Mendocino 2024,BK.WLKR,P,2024-12-05 19:38:11.860
Mendocino 2024,BK.WLKR,P,2024-12-05 19:43:12.510
Mendocino 2024,BK.WLKR,P,2024-12-05 19:47:03.540
Mendocino 2024,BK.WLKR,P,2024-12-05 19:48:33.340
Mendocino 2024,BK.WLKR,P,2024-12-05 19:55:44.490
Mendocino 2024,BK.WLKR,P,2024-12-05 19:58:07.380
Mendocino 2024,BK.WLKR,P,2024-12-05 20:00:27.060
Mendocino 2024,BK.WLKR,P,2024-12-05 20:06:14.660
Mendocino 2024,BK.WLKR,P,2024-12-05 20:09:01.190
Mendocino 2024,BK.WLKR,P,2024-12-05 20:09:44.400
Mendocino 2024,BK.WLKR,P,2024-12-05 20:12:20.090
Mendocino 2024,BK.WLKR,P,2024-12-05 20:16:12.940
Mendocino 2024,BK.WLKR,P,2024-12-05 20:21:14.430
Mendocino 2024,BK.WLKR,P,2024-12-05 20:28:51.630
Mendocino 2024,BK.WLKR,P,2024-12-05 20:39:31.440
Mendocino 2024,BK.WLKR,P,2024-12-05 20:39:40.060
Mendocino 2024,BK.WLKR,P,2024-12-05 20:45:32.160
Mendocino 2024,BK.WLKR,P,2024-12-05 20:46:06.790
Mendocino 2024,BK.WLKR,P,2024-12-05 20:46:57.690
Mendocino 2024,BK.WLKR,P,2024-12-05 20:48:22.340
Mendocino 2024,BK.WLKR,P,2024-12-05 20:49:56.190
Mendocino 2024,BK.WLKR,P,2024-12-05 20:51:06.260
Mendocino 2024,BK.WLKR,P,2024-12-05 20:54:08.010
Mendocino 2024,BK.WLKR,S,2024-12-05 18:57:21.750
Mendocino 2024,BK.WLKR,S,2024-12-05 18:59:20.900
Mendocino 2024,BK.WLKR,S,2024-12-05 19:03:01.550
Mendocino 2024,BK.WLKR,S,2024-12-05 19:06:02.810
Mendocino 2024,BK.WLKR,S,2024-12-05 19:10:24.480
Mendocino 2024,BK.WLKR,S,2024-12-05 19:15:02.170
Mendocino 2024,BK.WLKR,S,2024-12-05 19:15:21.650
Mendocino 2024,BK.WLKR,S,2024-12-05 19:18:31.670
Mendocino 2024,BK.WLKR,S,2024-12-05 19:21:25.720
Mendocino 2024,BK.WLKR,S,2024-12-05 19:29:07.640
Mendocino 2024,BK.WLKR,S,2024-12-05 19:31:38.970
Mendocino 2024,BK.WLKR,S,2024-12-05 19:38:19.960
Mendocino 2024,BK.WLKR,S,2024-12-05 19:43:19.950
Mendocino 2024,BK.WLKR,S,2024-12-05 19:48:39.720
Mendocino 2024,BK.WLKR,S,2024-12-05 19:58:10.620
Mendocino 2024,BK.WLKR,S,2024-12-05 20:00:31.450
Mendocino 2024,BK.WLKR,S,2024-12-05 20:09:50.940
Mendocino 2024,BK.WLKR,S,2024-12-05 20:12:26.760
Mendocino 2024,BK.WLKR,S,2024-12-05 20:16:16.780
Mendocino 2024,BK.WLKR,S,2024-12-05 20:21:21.350
Mendocino 2024,BK.WLKR,S,2024-12-05 20:28:55.610
Mendocino 2024,BK.WLKR,S,2024-12-05 20:39:48.630
Mendocino 2024,BK.WLKR,S,2024-12-05 20:45:35.520
Mendocino 2024,BK.WLKR,S,2024-12-05 20:47:06.310
Mendocino 2024,BK.WLKR,S,2024-12-05 20:48:29.590
Mendocino 2024,BK.WLKR,S,2024-12-05 20:50:06.660
Mendocino 2024,BK.WLKR,S,2024-12-05 20:51:12.590
Mendocino 2024,BK.WLKR,S,2024-12-05 20:54:15.950
Mendocino 2024,NC.KMPB,P,2024-12-05 18:57:19.790
Mendocino 2024,NC.KMPB,P,2024-12-05 18:59:15.260
Mendocino 2024,NC.KMPB,P,2024-12-05 19:02:56.540
Mendocino 2024,NC.KMPB,P,2024-12-05 19:06:00.510
Mendocino 2024,NC.KMPB,P,2024-12-05 19:10:20.710
Mendocino 2024,NC.KMPB,P,2024-12-05 19:14:57.160
Mendocino 2024,NC.KMPB,P,2024-12-05 19:15:17.250
Mendocino 2024,NC.KMPB,P,2024-12-05 19:18:28.500
Mendocino 2024,NC.KMPB,P,2024-12-05 19:19:01.790
Mendocino 2024,NC.KMPB,P,2024-12-05 19:21:24.390
Mendocino 2024,NC.KMPB,P,2024-12-05 19:25:21.870
Mendocino 2024,NC.KMPB,P,2024-12-05 19:25:35.420
Mendocino 2024,NC.KMPB,P,2024-12-05 19:25:45.260
Mendocino 2024,NC.KMPB,P,2024-12-05 19:26:29.060
Mendocino 2024,NC.KMPB,P,2024-12-05 19:29:02.450
Mendocino 2024,NC.KMPB,P,2024-12-05 19:31:35.210
Mendocino 2024,NC.KMPB,P,2024-12-05 19:36:51.900
Mendocino 2024,NC.KMPB,P,2024-12-05 19:38:13.960
Mendocino 2024,NC.KMPB,P,2024-12-05 19:43:15.190
Mendocino 2024,NC.KMPB,P,2024-12-05 19:47:06.500
Mendocino 2024,NC.KMPB,P,2024-12-05 19:48:35.370
Mendocino 2024,NC.KMPB,P,2024-12-05 19:55:46.480
Mendocino 2024,NC.KMPB,P,2024-12-05 19:58:10.570
Mendocino 2024,NC.KMPB,P,2024-12-05 20:00:28.320
Mendocino 2024,NC.KMPB,P,2024-12-05 20:04:35.250
Mendocino 2024,NC.KMPB,P,2024-12-05 20:04:55.880
Mendocino 2024,NC.KMPB,P,2024-12-05 20:06:17.680
Mendocino 2024,NC.KMPB,P,2024-12-05 20:09:03.220
Mendocino 2024,NC.KMPB,P,2024-12-05 20:09:47.540
Mendocino 2024,NC.KMPB,P,2024-12-05 20:12:23.040
Mendocino 2024,NC.KMPB,P,2024-12-05 20:16:16.140
Mendocino 2024,NC.KMPB,P,2024-12-05 20:21:17.370
Mendocino 2024,NC.KMPB,P,2024-12-05 20:28:54.730
Mendocino 2024,NC.KMPB,P,2024-12-05 20:32:42.360
Mendocino 2024,NC.KMPB,P,2024-12-05 20:39:42.440
Mendocino 2024,NC.KMPB,P,2024-12-05 20:46:09.260
Mendocino 2024,NC.KMPB,P,2024-12-05 20:46:59.780
Mendocino 2024,NC.KMPB,P,2024-12-05 20:48:25.470
Mendocino 2024,NC.KMPB,P,2024-12-05 20:49:58.600
Mendocino 2024,NC.KMPB,P,2024-12-05 20:51:09.420
Mendocino 2024,NC.KMPB,P,2024-12-05 20:54:11.160
Mendocino 2024,BK.RBOW,P,2024-12-05 18:57:19.480
Mendocino 2024,BK.RBOW,P,2024-12-05 18:59:15.110
Mendocino 2024,BK.RBOW,P,2024-12-05 19:02:56.670
Mendocino 2024,BK.RBOW,P,2024-12-05 19:06:00.140
Mendocino 2024,BK.RBOW,P,2024-12-05 19:10:20.430
Mendocino 2024,BK.RBOW,P,2024-12-05 19:14:57.070
Mendocino 2024,BK.RBOW,P,2024-12-05 19:15:17.340
Mendocino 2024,BK.RBOW,P,2024-12-05 19:18:28.580
Mendocino 2024,BK.RBOW,P,2024-12-05 19:19:01.850
Mendocino 2024,BK.RBOW,P,2024-12-05 19:21:24.110
Mendocino 2024,BK.RBOW,P,2024-12-05 19:25:21.830
Mendocino 2024,BK.RBOW,P,2024-12-05 19:25:35.100
Mendocino 2024,BK.RBOW,P,2024-12-05 19:25:45.390
Mendocino 2024,BK.RBOW,P,2024-12-05 19:26:28.810
Mendocino 2024,BK.RBOW,P,2024-12-05 19:29:02.550
Mendocino 2024,BK.RBOW,P,2024-12-05 19:31:35.020
Mendocino 2024,BK.RBOW,P,2024-12-05 19:36:51.730
Mendocino 2024,BK.RBOW,P,2024-12-05 19:38:14.230
Mendocino 2024,BK.RBOW,P,2024-12-05 19:47:06.490
Mendocino 2024,BK.RBOW,P,2024-12-05 19:48:35.730
Mendocino 2024,BK.RBOW,P,2024-12-05 19:58:10.360
Mendocino 2024,BK.RBOW,P,2024-12-05 20:00:28.780
Mendocino 2024,BK.RBOW,P,2024-12-05 20:06:17.550
Mendocino 2024,BK.RBOW,P,2024-12-05 20:09:03.290
Mendocino 2024,BK.RBOW,P,2024-12-05 20:09:47.420
Mendocino 2024,BK.RBOW,P,2024-12-05 20:12:23.390
Mendocino 2024,BK.RBOW,P,2024-12-05 20:21:17.310
Mendocino 2024,BK.RBOW,P,2024-12-05 20:28:54.500
Mendocino 2024,BK.RBOW,P,2024-12-05 20:39:34.410
Mendocino 2024,BK.RBOW,P,2024-12-05 20:39:42.520
Mendocino 2024,BK.RBOW,P,2024-12-05 20:45:33.590
Mendocino 2024,BK.RBOW,P,2024-12-05 20:46:09.530
Mendocino 2024,BK.RBOW,P,2024-12-05 20:47:00.020
Mendocino 2024,BK.RBOW,P,2024-12-05 20:48:25.220
Mendocino 2024,BK.RBOW,P,2024-12-05 20:49:58.150
Mendocino 2024,BK.RBOW,P,2024-12-05 20:51:09.280
Mendocino 2024,BK.RBOW,P,2024-12-05 20:54:11.220
Mendocino 2024,NC.KMPB,S,2024-12-05 18:57:25.760
Mendocino 2024,NC.KMPB,S,2024-12-05 18:59:25.200
Mendocino 2024,NC.KMPB,S,2024-12-05 19:03:05.310
Mendocino 2024,NC.KMPB,S,2024-12-05 19:06:08.110
Mendocino 2024,NC.KMPB,S,2024-12-05 19:18:35.380
Mendocino 2024,NC.KMPB,S,2024-12-05 19:21:31.360
Mendocino 2024,NC.KMPB,S,2024-12-05 19:25:29.280
Mendocino 2024,NC.KMPB,S,2024-12-05 19:25:41.410
Mendocino 2024,NC.KMPB,S,2024-12-05 19:26:37.030
Mendocino 2024,NC.KMPB,S,2024-12-05 19:29:11.600
Mendocino 2024,NC.KMPB,S,2024-12-05 19:38:24.910
Mendocino 2024,NC.KMPB,S,2024-12-05 19:43:24.210
Mendocino 2024,NC.KMPB,S,2024-12-05 19:58:16.330
Mendocino 2024,NC.KMPB,S,2024-12-05 20:00:33.730
Mendocino 2024,NC.KMPB,S,2024-12-05 20:05:03.640
Mendocino 2024,NC.KMPB,S,2024-12-05 20:32:49.980
Mendocino 2024,NC.KMPB,S,2024-12-05 20:39:52.260
Mendocino 2024,BK.RBOW,S,2024-12-05 19:25:29.150
Mendocino 2024,BK.RBOW,S,2024-12-05 19:25:41.160
Mendocino 2024,BK.RBOW,S,2024-12-05 19:26:37.090
Mendocino 2024,BK.RBOW,S,2024-12-05 20:00:34.360
Mendocino 2024,BK.RBOW,S,2024-12-05 20:29:00.940
