sequence,event,origin,lat,lon,depth,mag
Mendocino 2024,Mendocino 2024 mainshock,2024-12-05T18:44:21.000000Z,40.374,-125.022,0.0,7.0
Mendocino 2024,nc75096286,2024-12-05 20:53:57.830000,40.396,-125.014833333333,13.0,2.94
Mendocino 2024,us7000nwaj,2024-12-05 20:53:53.504000,40.4808,-125.2588,10.0,2.6
Mendocino 2024,nc75096276,2024-12-05 20:50:57.110000,40.3181666666667,-124.902666666667,13.8,2.61
Mendocino 2024,nc75096271,2024-12-05 20:49:42.760000,40.3788333333333,-125.231,14.08,2.75
Mendocino 2024,nc75096266,2024-12-05 20:48:13.930000,40.3368333333333,-124.8395,16.5,2.6
Mendocino 2024,nc75096256,2024-12-05 20:46:43.840000,40.4086666666667,-125.103833333333,0.09,2.91
Mendocino 2024,nc75096261,2024-12-05 20:45:59.490000,40.361,-124.7195,10.09,2.0
Mendocino 2024,nc75096381,2024-12-05 20:45:27.760000,40.2928333333333,-124.397,20.86,1.77
Mendocino 2024,nc75096376,2024-12-05 20:39:28.760000,40.3123333333333,-124.4155,8.67,1.72
Mendocino 2024,nc75096241,2024-12-05 20:39:28.740000,40.3833333333333,-125.127333333333,22.94,3.48
Mendocino 2024,nc75096226,2024-12-05 20:32:32.070000,40.3456666666667,-124.786,21.35,3.38
Mendocino 2024,nc75096211,2024-12-05 20:28:46.190000,40.287,-124.599166666667,6.04,3.2
Mendocino 2024,nc75096196,2024-12-05 20:21:04.830000,40.3378333333333,-124.884166666667,7.39,2.74
Mendocino 2024,nc75096191,2024-12-05 20:16:09.320000,40.3221666666667,-124.486,10.76,2.29
Mendocino 2024,nc75096186,2024-12-05 20:12:10.790000,40.3508333333333,-124.888333333333,10.0,3.41
Mendocino 2024,nc75096176,2024-12-05 20:09:36.350000,40.3951666666667,-124.791666666667,10.0,2.66
Mendocino 2024,nc75096171,2024-12-05 20:08:51.190000,40.3605,-124.9605,31.85,2.62
Mendocino 2024,nc75096166,2024-12-05 20:06:08.460000,40.3116666666667,-124.658,7.32,2.93
Mendocino 2024,nc75001648,2024-12-05 20:04:45.350000,40.3396666666667,-124.756,12.46,4.43
Mendocino 2024,nc75096156,2024-12-05 20:04:22.680000,40.3403333333333,-124.908833333333,8.0,4.04
Mendocino 2024,nc75096151,2024-12-05 20:00:21.180000,40.4815,-124.510833333333,25.15,3.58
Mendocino 2024,nc75096146,2024-12-05 19:58:03.410000,40.2991666666667,-124.5075,8.2,3.51
Mendocino 2024,nc75096131,2024-12-05 19:57:24.670000,40.4211666666667,-124.8875,4.48,2.89
Mendocino 2024,nc75096141,2024-12-05 19:55:31.190000,40.4341666666667,-125.197,10.0,2.84
Mendocino 2024,us7000p0lk,2024-12-05 19:48:19.707000,40.3637,-125.6535,10.0,2.7
Mendocino 2024,nc75096111,2024-12-05 19:48:18.150000,40.4826666666667,-125.238666666667,2.17,3.02
Mendocino 2024,nc75096106,2024-12-05 19:46:53.330000,40.3931666666667,-124.996666666667,12.85,3.24
Mendocino 2024,nc75096096,2024-12-05 19:43:03.740000,40.3366666666667,-124.8405,14.63,2.67
Mendocino 2024,nc75096066,2024-12-05 19:38:02.200000,40.349,-124.9475,18.34,3.66
Mendocino 2024,nc75096071,2024-12-05 19:36:38.630000,40.3786666666667,-124.949333333333,10.0,3.6
Mendocino 2024,nc75096051,2024-12-05 19:31:23.980000,40.3368333333333,-124.794666666667,6.48,2.88
Mendocino 2024,nc75096036,2024-12-05 19:28:49.050000,40.3686666666667,-124.994833333333,10.0,3.09
Mendocino 2024,nc75096031,2024-12-05 19:26:17.910000,40.3336666666667,-124.778333333333,7.23,2.92
Mendocino 2024,nc75001978,2024-12-05 19:25:38.460000,40.3055,-124.549,13.88,2.74
Mendocino 2024,nc75001988,2024-12-05 19:25:27.420000,40.2775,-124.5605,21.71,2.83
Mendocino 2024,nc75001983,2024-12-05 19:25:11.860000,40.2813333333333,-124.737,17.52,2.38
Mendocino 2024,nc75096026,2024-12-05 19:21:14.540000,40.3313333333333,-124.680166666667,4.31,3.38
Mendocino 2024,nc75001653,2024-12-05 19:18:48.110000,40.3481666666667,-124.9975,8.49,2.96
Mendocino 2024,nc75095996,2024-12-05 19:18:19.210000,40.3601666666667,-124.701166666667,20.55,2.95
Mendocino 2024,nc75095976,2024-12-05 19:15:06.480000,40.3756666666667,-124.816833333333,20.84,3.1
Mendocino 2024,nc75095981,2024-12-05 19:14:43.300000,40.3755,-125.019,10.0,3.2
Mendocino 2024,nc75095961,2024-12-05 19:10:07.870000,40.347,-124.926333333333,10.0,3.5
Mendocino 2024,nc75095936,2024-12-05 19:05:51.110000,40.3253333333333,-124.671666666667,9.08,3.7
Mendocino 2024,nc75095901,2024-12-05 19:02:44.880000,40.37,-124.855,13.38,3.12
Mendocino 2024,nc75095886,2024-12-05 18:59:01.900000,40.3733333333333,-124.973166666667,10.0,3.87
Mendocino 2024,nc75095856,2024-12-05 18:57:11.810000,40.3043333333333,-124.558666666667,21.78,3.54
