sequence,station,file,start,end,sampling_rate,channels
Ridgecrest,CI.WRC2,ridgecrest_CIWRC2.mseed,2019-07-06T03:29:53.000000Z,2019-07-06T03:59:53.000000Z,100.0,"HHE,HHN,HHZ"
Ridgecrest,CI.CLC,ridgecrest_CICLC.mseed,2019-07-06T03:29:53.000000Z,2019-07-06T03:59:53.000000Z,100.0,"HHE,HHN,HHZ"
Ridgecrest,CI.JRC2,ridgecrest_CIJRC2.mseed,2019-07-06T03:29:53.000000Z,2019-07-06T03:59:53.000000Z,100.0,"HHE,HHN,HHZ"
Ridgecrest,CI.TOW2,ridgecrest_CITOW2.mseed,2019-07-06T03:29:53.000000Z,2019-07-06T03:59:53.000000Z,100.0,"HHE,HHN,HHZ"
Ridgecrest,CI.SRT,ridgecrest_CISRT.mseed,2019-07-06T03:29:53.000000Z,2019-07-06T03:59:53.000000Z,100.0,"HHE,HHN,HHZ"
San Simeon,CI.PHL,sansimeon_CIPHL.mseed,2003-12-22T19:25:56.000000Z,2003-12-22T21:25:56.000000Z,80.0,"HHE,HHN,HHZ"
San Simeon,BK.PKD,sansimeon_BKPKD.mseed,2003-12-22T19:25:56.000000Z,2003-12-22T21:25:56.000000Z,80.0,"HHE,HHN,HHZ"
San Simeon,CI.SMM,sansimeon_CISMM.mseed,2003-12-22T19:25:56.000000Z,2003-12-22T21:25:56.000000Z,100.0,"HHE,HHN,HHZ"
San Simeon,CI.LCP,sansimeon_CILCP.mseed,2003-12-22T19:25:56.000000Z,2003-12-22T21:25:56.000000Z,100.0,"HHE,HHN,HHZ"
San Simeon,BK.SAO,sansimeon_BKSAO.mseed,2003-12-22T19:25:56.000000Z,2003-12-22T21:25:56.000000Z,80.0,"HHE,HHN,HHZ"
Monte Cristo,NN.LHV,montecristo_NNLHV.mseed,2020-05-15T11:13:27.000000Z,2020-05-15T13:13:27.000000Z,100.0,"HHE,HHN,HHZ"
Mendocino 2024,BK.PETL,mendocino2024_BKPETL.mseed,2024-12-05T18:54:22.000000Z,2024-12-05T20:54:22.000000Z,100.0,"HHE,HHN,HHZ"
Mendocino 2024,NC.KCT,mendocino2024_NCKCT.mseed,2024-12-05T18:54:22.000000Z,2024-12-05T20:54:22.000000Z,100.0,"HHE,HHN,HHZ"
Mendocino 2024,BK.WLKR,mendocino2024_BKWLKR.mseed,2024-12-05T18:54:22.000000Z,2024-12-05T20:54:22.000000Z,100.0,"HHE,HHN,HHZ"
Mendocino 2024,NC.KMPB,mendocino2024_NCKMPB.mseed,2024-12-05T18:54:22.000000Z,2024-12-05T20:54:22.000000Z,100.0,"HHE,HHN,HHZ"
Mendocino 2024,BK.RBOW,mendocino2024_BKRBOW.mseed,2024-12-05T18:54:22.000000Z,2024-12-05T20:54:22.000000Z,100.0,"HHE,HHN,HHZ"
Monroe WA,UW.GNW,monroewa_UWGNW.mseed,2019-07-12T09:50:38.000000Z,2019-07-12T11:50:38.000000Z,100.0,"HHE,HHN,HHZ"
Monroe WA,UW.BERY,monroewa_UWBERY.mseed,2019-07-12T09:50:38.000000Z,2019-07-12T11:50:38.000000Z,100.0,"HHE,HHN,HHZ"
Monroe WA,UW.RATT,monroewa_UWRATT.mseed,2019-07-12T09:50:38.000000Z,2019-07-12T11:50:38.000000Z,100.0,"HHE,HHN,HHZ"
Monroe WA,PB.B013,monroewa_PBB013.mseed,2019-07-12T09:50:38.000000Z,2019-07-12T11:50:38.000000Z,100.0,"EH1,EH2,EHZ"
Monroe WA,UW.DOSE,monroewa_UWDOSE.mseed,2019-07-12T09:50:38.000000Z,2019-07-12T11:50:38.000000Z,100.0,"HHE,HHN,HHZ"
Monroe WA,PB.B001,monroewa_PBB001.mseed,2019-07-12T09:50:38.000000Z,2019-07-12T11:50:38.000000Z,100.0,"EH1,EH2,EHZ"
