tid,yr,doy
X6.BB25.,2008,306
X6.EW09.,2008,63
X6.EW09.,2008,64
X6.EW09.,2008,65
X6.EW09.,2008,66
X6.EW09.,2008,67
X6.EW09.,2008,68
X6.EW09.,2008,69
X6.EW09.,2008,70
X6.EW09.,2008,71
X6.EW09.,2008,72
X6.EW09.,2008,73
X6.EW09.,2008,74
X6.EW09.,2008,75
X6.EW09.,2008,76
X6.EW09.,2008,77
X6.EW09.,2008,78
X6.EW09.,2008,306
X6.EW10.,2008,63
X6.EW10.,2008,64
X6.EW10.,2008,65
X6.EW10.,2008,66
X6.EW10.,2008,67
X6.EW10.,2008,306
X6.EW11.,2008,63
X6.EW11.,2008,64
X6.EW11.,2008,65
X6.EW11.,2008,66
X6.EW11.,2008,67
X6.EW11.,2008,306
X6.EW12.,2008,63
X6.EW12.,2008,64
X6.EW12.,2008,65
X6.EW12.,2008,66
X6.EW12.,2008,67
X6.EW12.,2008,306
X6.EW13.,2008,63
X6.EW13.,2008,64
X6.EW13.,2008,65
X6.EW13.,2008,66
X6.EW13.,2008,67
X6.EW13.,2008,306
X6.EW14.,2008,63
X6.EW14.,2008,64
X6.EW14.,2008,65
X6.EW14.,2008,66
X6.EW14.,2008,67
X6.EW15.,2008,63
X6.EW15.,2008,64
X6.EW15.,2008,65
X6.EW15.,2008,66
X6.EW15.,2008,67
X6.EW15.,2008,306
X6.EW16.,2008,63
X6.EW16.,2008,64
X6.EW16.,2008,65
X6.EW16.,2008,66
X6.EW16.,2008,67
X6.EW16.,2008,306
X6.EW17.,2008,63
X6.EW17.,2008,64
X6.EW17.,2008,65
X6.EW17.,2008,66
X6.EW17.,2008,67
X6.EW17.,2008,306
X6.EW18.,2008,63
X6.EW18.,2008,64
X6.EW18.,2008,65
X6.EW18.,2008,66
X6.EW18.,2008,67
X6.EW18.,2008,306
X6.EW19.,2008,63
X6.EW19.,2008,64
X6.EW19.,2008,65
X6.EW19.,2008,66
X6.EW19.,2008,67
X6.EW19.,2008,306
X6.EW20.,2008,63
X6.EW20.,2008,64
X6.EW20.,2008,65
X6.EW20.,2008,66
X6.EW20.,2008,67
X6.EW20.,2008,306
X6.NS05.,2008,63
X6.NS05.,2008,64
X6.NS05.,2008,65
X6.NS05.,2008,66
X6.NS05.,2008,67
X6.NS05.,2008,306
X6.NS06.,2008,63
X6.NS06.,2008,64
X6.NS06.,2008,65
X6.NS06.,2008,66
X6.NS06.,2008,67
X6.NS06.,2008,306
X6.NS07.,2008,63
X6.NS07.,2008,64
X6.NS07.,2008,65
X6.NS07.,2008,66
X6.NS07.,2008,67
X6.NS07.,2008,306
X6.NS08.,2008,63
X6.NS08.,2008,64
X6.NS08.,2008,65
X6.NS08.,2008,66
X6.NS08.,2008,67
X6.NS08.,2008,306
X6.NS09.,2008,63
X6.NS09.,2008,64
X6.NS09.,2008,65
X6.NS09.,2008,66
X6.NS09.,2008,67
X6.NS09.,2008,306
X6.NS10.,2008,63
X6.NS10.,2008,64
X6.NS10.,2008,65
X6.NS10.,2008,66
X6.NS10.,2008,67
X6.NS10.,2008,306
X6.NS11.,2008,63
X6.NS11.,2008,64
X6.NS11.,2008,65
X6.NS11.,2008,66
X6.NS11.,2008,67
X6.NS12.,2008,63
X6.NS12.,2008,64
X6.NS12.,2008,65
X6.NS12.,2008,66
X6.NS12.,2008,67
X6.NS12.,2008,68
X6.NS12.,2008,69
X6.NS12.,2008,70
X6.NS12.,2008,71
X6.NS12.,2008,72
X6.NS12.,2008,73
X6.NS12.,2008,74
X6.NS12.,2008,75
X6.NS12.,2008,76
X6.NS12.,2008,77
X6.NS12.,2008,78
X6.NS13.,2008,63
X6.NS13.,2008,64
X6.NS13.,2008,65
X6.NS13.,2008,66
X6.NS13.,2008,67
X6.NS13.,2008,303
X6.NS14.,2008,63
X6.NS14.,2008,64
X6.NS14.,2008,65
X6.NS14.,2008,66
X6.NS14.,2008,67
X6.NS15.,2008,63
X6.NS15.,2008,64
X6.NS15.,2008,65
X6.NS15.,2008,66
X6.NS15.,2008,67
X6.NS16.,2008,63
X6.NS16.,2008,64
X6.NS16.,2008,65
X6.NS16.,2008,66
X6.NS16.,2008,67
X6.NS17.,2008,63
X6.NS17.,2008,64
X6.NS17.,2008,65
X6.NS17.,2008,66
X6.NS17.,2008,67
X6.NS18.,2008,63
X6.NS18.,2008,64
X6.NS18.,2008,65
X6.NS18.,2008,66
X6.NS18.,2008,67
XZ.GOAT.,2009,152
XZ.GOAT.,2009,317
XZ.GOAT.,2009,318
XZ.GOAT.,2009,319
XZ.GOAT.,2009,320
XZ.GOAT.,2009,321
XZ.GRIN.,2009,152
XZ.GRIN.,2009,317
XZ.GRIN.,2009,318
XZ.GRIN.,2009,319
XZ.GRIN.,2009,320
XZ.GRIN.,2009,321
XZ.GRNC.,2009,152
XZ.GRNC.,2009,317
XZ.GRNC.,2009,318
XZ.GRNC.,2009,319
XZ.GRNC.,2009,320
XZ.ISLE.,2009,152
XZ.ISLE.,2009,317
XZ.ISLE.,2009,318
XZ.ISLE.,2009,319
XZ.ISLE.,2009,320
XZ.KHIT.,2009,152
XZ.KHIT.,2009,317
XZ.KHIT.,2009,318
XZ.KHIT.,2009,319
XZ.KHIT.,2009,320
XZ.KIAG.,2009,152
XZ.KIAG.,2009,317
XZ.KIAG.,2009,318
XZ.KIAG.,2009,319
XZ.KIAG.,2009,320
XZ.KULT.,2009,152
XZ.KULT.,2009,317
XZ.KULT.,2009,318
XZ.KULT.,2009,319
XZ.KULT.,2009,320
XZ.LOGN.,2009,152
XZ.LOGN.,2009,317
XZ.LOGN.,2009,318
XZ.MCAR.,2009,152
XZ.MCAR.,2009,317
XZ.MCAR.,2009,318
XZ.MCAR.,2009,319
XZ.MCAR.,2009,320
XZ.MESA.,2009,152
XZ.MESA.,2009,317
XZ.MESA.,2009,318
XZ.MESA.,2009,319
XZ.MESA.,2009,320
XZ.NICH.,2006,305
XZ.NICH.,2006,306
XZ.NICH.,2006,307
XZ.NICH.,2006,308
XZ.NICH.,2006,309
XZ.NICH.,2006,310
XZ.NICH.,2006,335
XZ.NICH.,2006,336
XZ.NICH.,2006,337
XZ.NICH.,2006,338
XZ.NICH.,2009,17
XZ.NICH.,2009,18
XZ.NICH.,2009,19
XZ.NICH.,2009,20
XZ.NICH.,2009,21
XZ.NICH.,2009,22
XZ.NICH.,2009,317
XZ.NICH.,2009,318
XZ.NICH.,2009,319
XZ.NICH.,2009,320
XZ.NICH.,2009,321
XZ.NICH.,2009,322
XZ.PTPK.,2006,305
XZ.PTPK.,2006,306
XZ.PTPK.,2006,307
XZ.PTPK.,2006,308
XZ.PTPK.,2006,309
XZ.PTPK.,2006,335
XZ.PTPK.,2006,336
XZ.PTPK.,2006,337
XZ.PTPK.,2006,338
XZ.PTPK.,2009,17
XZ.PTPK.,2009,18
XZ.PTPK.,2009,19
XZ.PTPK.,2009,20
XZ.PTPK.,2009,21
XZ.PTPK.,2009,22
XZ.PTPK.,2009,317
XZ.PTPK.,2009,318
XZ.PTPK.,2009,319
XZ.PTPK.,2009,320
XZ.PTPK.,2009,321
XZ.PTPK.,2009,322
XZ.RKAV.,2006,305
XZ.RKAV.,2006,306
XZ.RKAV.,2006,307
XZ.RKAV.,2006,308
XZ.RKAV.,2006,309
XZ.RKAV.,2006,335
XZ.RKAV.,2006,336
XZ.RKAV.,2006,337
XZ.RKAV.,2006,338
XZ.RKAV.,2009,17
XZ.RKAV.,2009,18
XZ.RKAV.,2009,19
XZ.RKAV.,2009,20
XZ.RKAV.,2009,21
XZ.RKAV.,2009,22
XZ.RKAV.,2009,317
XZ.RKAV.,2009,318
XZ.RKAV.,2009,319
XZ.RKAV.,2009,320
XZ.RKAV.,2009,321
XZ.RKAV.,2009,322
XZ.S01.,2003,309
XZ.S01.,2003,310
XZ.S01.,2003,311
XZ.S01.,2003,312
XZ.S01.,2003,313
XZ.S02.,2003,309
XZ.S02.,2003,310
XZ.S02.,2003,311
XZ.S02.,2003,312
XZ.S02.,2003,313
XZ.S03.,2003,309
XZ.S03.,2003,310
XZ.S03.,2003,311
XZ.S03.,2003,312
XZ.S03.,2003,313
XZ.S04.,2003,309
XZ.S04.,2003,310
XZ.S04.,2003,311
XZ.S04.,2003,312
XZ.S04.,2003,313
XZ.S05.,2003,309
XZ.S05.,2003,310
XZ.S05.,2003,311
XZ.S05.,2003,312
XZ.S05.,2003,313
XZ.S09.,2003,309
XZ.S09.,2003,310
XZ.S09.,2003,311
XZ.S09.,2003,312
XZ.S09.,2003,313
XZ.S10.,2003,309
XZ.S10.,2003,310
XZ.S10.,2003,311
XZ.S10.,2003,312
XZ.S10.,2003,313
XZ.S11.,2003,309
XZ.S11.,2003,310
XZ.S11.,2003,311
XZ.S11.,2003,312
XZ.S11.,2003,313
XZ.SAMH.,2006,305
XZ.SAMH.,2006,306
XZ.SAMH.,2006,307
XZ.SAMH.,2006,308
XZ.SAMH.,2006,309
XZ.SAMH.,2006,335
XZ.SAMH.,2006,336
XZ.SAMH.,2006,337
XZ.SAMH.,2006,338
XZ.SAMH.,2009,17
XZ.SAMH.,2009,18
XZ.SAMH.,2009,19
XZ.SAMH.,2009,20
XZ.SAMH.,2009,21
XZ.SAMH.,2009,22
XZ.SAMH.,2009,317
XZ.SAMH.,2009,318
XZ.SAMH.,2009,319
XZ.SAMH.,2009,320
XZ.SAMH.,2009,321
XZ.SAMH.,2009,322
XZ.SUCK.,2006,305
XZ.SUCK.,2006,306
XZ.SUCK.,2006,307
XZ.SUCK.,2006,308
XZ.SUCK.,2006,309
XZ.SUCK.,2006,335
XZ.SUCK.,2006,336
XZ.SUCK.,2006,337
XZ.SUCK.,2006,338
XZ.SUCK.,2009,17
XZ.SUCK.,2009,18
XZ.SUCK.,2009,19
XZ.SUCK.,2009,20
XZ.SUCK.,2009,21
XZ.SUCK.,2009,22
XZ.SUCK.,2009,317
XZ.SUCK.,2009,318
XZ.SUCK.,2009,319
XZ.SUCK.,2009,320
XZ.SUCK.,2009,321
XZ.SUCK.,2009,322
XZ.TABL.,2006,305
XZ.TABL.,2006,306
XZ.TABL.,2006,307
XZ.TABL.,2006,308
XZ.TABL.,2006,309
XZ.TABL.,2006,335
XZ.TABL.,2006,336
XZ.TABL.,2006,337
XZ.TABL.,2009,17
XZ.TABL.,2009,18
XZ.TABL.,2009,19
XZ.TABL.,2009,20
XZ.TABL.,2009,21
XZ.TABL.,2009,317
XZ.TABL.,2009,318
XZ.TABL.,2009,319
XZ.TABL.,2009,320
XZ.TABL.,2009,321
XZ.VRDI.,2006,305
XZ.VRDI.,2006,306
XZ.VRDI.,2006,307
XZ.VRDI.,2006,308
XZ.VRDI.,2006,309
XZ.VRDI.,2006,335
XZ.VRDI.,2006,336
XZ.VRDI.,2006,337
XZ.VRDI.,2009,17
XZ.VRDI.,2009,18
XZ.VRDI.,2009,19
XZ.VRDI.,2009,20
XZ.VRDI.,2009,21
XZ.VRDI.,2009,317
XZ.VRDI.,2009,318
XZ.VRDI.,2009,319
XZ.VRDI.,2009,320
XZ.VRDI.,2009,321
YS.PHRM.00,2005,152
YS.PHRM.00,2005,153
YS.PHRM.00,2005,154
YS.PHRM.00,2005,158
YS.PHRM.00,2005,159
YS.PHRM.00,2005,160
YS.PL01.,2005,152
YS.PL01.,2005,153
YS.PL01.,2005,154
YS.PL01.,2005,158
YS.PL01.,2005,159
YS.PL01.,2005,160
YS.PL02.,2005,152
YS.PL02.,2005,153
YS.PL02.,2005,154
YS.PL02.,2005,158
YS.PL02.,2005,159
YS.PL02.,2005,160
YS.PL03.,2005,152
YS.PL03.,2005,153
YS.PL03.,2005,154
YS.PL03.,2005,158
YS.PL03.,2005,159
YS.PL03.,2005,160
YS.PL04.,2005,139
YS.PL04.,2005,152
YS.PL04.,2005,153
YS.PL04.,2005,154
YS.PL04.,2005,158
YS.PL04.,2005,159
YS.PL04.,2005,160
YS.PL04.,2005,170
YS.PL04.,2005,172
YS.PL05.,2005,152
YS.PL05.,2005,153
YS.PL05.,2005,154
YS.PL05.,2005,158
YS.PL05.,2005,159
YS.PL05.,2005,160
YS.PL06.,2005,152
YS.PL06.,2005,153
YS.PL06.,2005,154
YS.PL06.,2005,158
YS.PL06.,2005,159
YS.PL06.,2005,160
YS.PL07.,2005,152
YS.PL07.,2005,153
YS.PL07.,2005,154
YS.PL07.,2005,158
YS.PL07.,2005,159
YS.PL07.,2005,160
YS.PL08.,2005,152
YS.PL08.,2005,153
YS.PL08.,2005,154
YS.PL08.,2005,158
YS.PL08.,2005,159
YS.PL08.,2005,160
YS.PL10.,2005,152
YS.PL10.,2005,153
YS.PL10.,2005,154
YS.PL10.,2005,158
YS.PL10.,2005,159
YS.PL10.,2005,160
YS.PL11.,2005,152
YS.PL11.,2005,153
YS.PL11.,2005,154
YS.PL11.,2005,158
YS.PL11.,2005,159
YS.PL11.,2005,160
YS.PL12.,2005,152
YS.PL12.,2005,153
YS.PL12.,2005,154
YS.PL12.,2005,158
YS.PL12.,2005,159
YS.PL12.,2005,160
YS.PL12.,2005,173
YS.PL13.,2005,152
YS.PL13.,2005,153
YS.PL13.,2005,154
YS.PL13.,2005,158
YS.PL13.,2005,159
YS.PL13.,2005,160
YS.PL14.,2005,152
YS.PL14.,2005,153
YS.PL14.,2005,154
YS.PL14.,2005,158
YS.PL14.,2005,159
YS.PL14.,2005,160
YS.PL15.,2005,152
YS.PL15.,2005,153
YS.PL15.,2005,154
YS.PL15.,2005,158
YS.PL15.,2005,159
YS.PL15.,2005,160
YS.PL17.,2005,152
YS.PL17.,2005,153
YS.PL17.,2005,154
YS.PL17.,2005,158
YS.PL17.,2005,159
YS.PL17.,2005,160
YS.PL18.,2005,152
YS.PL18.,2005,153
YS.PL18.,2005,158
YS.PL18.,2005,159
YS.PL18.,2005,160
YS.PL19.,2005,138
YS.PL19.,2005,139
YS.PL19.,2005,146
YS.PL19.,2005,147
YS.PL19.,2005,149
YS.PL19.,2005,152
YS.PL19.,2005,153
YS.PL19.,2005,155
YS.PL19.,2005,158
YS.PL19.,2005,159
YS.PL19.,2005,160
YS.PL19.,2005,162
YS.PL19.,2005,167
YS.PL19.,2005,170
YS.PL19.,2005,171
YS.PL19.,2005,172
YS.PL19.,2005,175
YS.PL20.,2005,152
YS.PL20.,2005,153
YS.PL20.,2005,158
YS.PL20.,2005,159
YS.PL20.,2005,160
YS.PL21.,2005,152
YS.PL21.,2005,153
YS.PL21.,2005,158
YS.PL21.,2005,159
YS.PL21.,2005,160
YS.PL22.,2005,152
YS.PL22.,2005,153
YS.PL22.,2005,158
YS.PL22.,2005,159
YS.PL22.,2005,160
YS.PL23.,2005,152
YS.PL23.,2005,153
YS.PL23.,2005,158
YS.PL23.,2005,159
YS.PL23.,2005,160
YS.PL24.,2005,152
YS.PL24.,2005,153
YS.PL24.,2005,158
YS.PL24.,2005,159
YS.PL26.,2005,152
YS.PL26.,2005,153
YS.PL26.,2005,158
YS.PL26.,2005,159
YS.PL27.,2005,152
YS.PL27.,2005,153
YS.PL27.,2005,158
YS.PL27.,2005,159
YS.PL28.,2005,152
YS.PL28.,2005,153
YS.PL28.,2005,158
YS.PL28.,2005,159
YS.PL29.,2005,152
YS.PL29.,2005,153
YS.PL29.,2005,158
YS.PL29.,2005,159
YS.PL30.,2005,152
YS.PL30.,2005,153
YS.PL30.,2005,158
YS.PL30.,2005,159
YS.PL31.,2005,152
YS.PL31.,2005,153
YS.PL31.,2005,158
YS.PL31.,2005,159
ZU.NZ01.,2009,77
ZU.NZ01.,2009,78
ZU.NZ01.,2009,79
ZU.NZ01.,2009,80
ZU.NZ01.,2009,81
ZU.NZ01.,2009,197
ZU.NZ01.,2009,198
ZU.NZ01.,2009,199
ZU.NZ01.,2009,200
ZU.NZ01.,2009,201
ZU.NZ01.,2009,202
ZU.NZ01.,2009,298
ZU.NZ01.,2009,300
ZU.NZ01.,2009,301
ZU.NZ01.,2009,304
ZU.NZ01.,2009,305
ZU.NZ01.,2009,306
ZU.NZ01.,2009,307
ZU.NZ01.,2009,308
ZU.NZ02.,2009,77
ZU.NZ02.,2009,78
ZU.NZ02.,2009,79
ZU.NZ02.,2009,80
ZU.NZ02.,2009,81
ZU.NZ02.,2009,197
ZU.NZ02.,2009,198
ZU.NZ02.,2009,199
ZU.NZ02.,2009,200
ZU.NZ02.,2009,201
ZU.NZ02.,2009,202
ZU.NZ02.,2009,305
ZU.NZ02.,2009,306
ZU.NZ02.,2009,307
ZU.NZ02.,2009,308
ZU.NZ03.,2009,77
ZU.NZ03.,2009,78
ZU.NZ03.,2009,79
ZU.NZ03.,2009,80
ZU.NZ03.,2009,81
ZU.NZ03.,2009,197
ZU.NZ03.,2009,198
ZU.NZ03.,2009,199
ZU.NZ03.,2009,200
ZU.NZ03.,2009,201
ZU.NZ03.,2009,202
ZU.NZ03.,2009,305
ZU.NZ03.,2009,306
ZU.NZ03.,2009,307
ZU.NZ03.,2009,308
ZU.NZ04.,2009,77
ZU.NZ04.,2009,78
ZU.NZ04.,2009,79
ZU.NZ04.,2009,80
ZU.NZ04.,2009,81
ZU.NZ04.,2009,197
ZU.NZ04.,2009,198
ZU.NZ04.,2009,199
ZU.NZ04.,2009,200
ZU.NZ04.,2009,201
ZU.NZ04.,2009,202
ZU.NZ04.,2009,305
ZU.NZ04.,2009,306
ZU.NZ04.,2009,307
ZU.NZ04.,2009,308
ZU.NZ05.,2009,77
ZU.NZ05.,2009,78
ZU.NZ05.,2009,79
ZU.NZ05.,2009,80
ZU.NZ05.,2009,197
ZU.NZ05.,2009,198
ZU.NZ05.,2009,199
ZU.NZ05.,2009,200
ZU.NZ05.,2009,201
ZU.NZ05.,2009,202
ZU.NZ05.,2009,305
ZU.NZ05.,2009,306
ZU.NZ05.,2009,307
ZU.NZ05.,2009,308
ZU.NZ06.,2009,77
ZU.NZ06.,2009,78
ZU.NZ06.,2009,79
ZU.NZ06.,2009,80
ZU.NZ06.,2009,197
ZU.NZ06.,2009,198
ZU.NZ06.,2009,199
ZU.NZ06.,2009,200
ZU.NZ06.,2009,201
ZU.NZ06.,2009,202
ZU.NZ06.,2009,305
ZU.NZ06.,2009,306
ZU.NZ06.,2009,307
ZU.NZ06.,2009,308
ZU.NZ07.,2009,77
ZU.NZ07.,2009,78
ZU.NZ07.,2009,79
ZU.NZ07.,2009,80
ZU.NZ07.,2009,197
ZU.NZ07.,2009,198
ZU.NZ07.,2009,199
ZU.NZ07.,2009,200
ZU.NZ07.,2009,201
ZU.NZ07.,2009,202
ZU.NZ07.,2009,305
ZU.NZ07.,2009,306
ZU.NZ07.,2009,307
ZU.NZ07.,2009,308
ZU.NZ08.,2009,77
ZU.NZ08.,2009,78
ZU.NZ08.,2009,79
ZU.NZ08.,2009,80
ZU.NZ08.,2009,197
ZU.NZ08.,2009,198
ZU.NZ08.,2009,199
ZU.NZ08.,2009,200
ZU.NZ08.,2009,201
ZU.NZ08.,2009,202
ZU.NZ08.,2009,305
ZU.NZ08.,2009,306
ZU.NZ08.,2009,307
ZU.NZ08.,2009,308
ZU.NZ09.,2009,77
ZU.NZ09.,2009,78
ZU.NZ09.,2009,79
ZU.NZ09.,2009,80
ZU.NZ09.,2009,197
ZU.NZ09.,2009,198
ZU.NZ09.,2009,199
ZU.NZ09.,2009,200
ZU.NZ09.,2009,201
ZU.NZ09.,2009,202
ZU.NZ09.,2009,305
ZU.NZ09.,2009,306
ZU.NZ09.,2009,307
ZU.NZ09.,2009,308
ZU.NZ10.,2009,77
ZU.NZ10.,2009,78
ZU.NZ10.,2009,79
ZU.NZ10.,2009,80
ZU.NZ10.,2009,197
ZU.NZ10.,2009,198
ZU.NZ10.,2009,199
ZU.NZ10.,2009,200
ZU.NZ10.,2009,201
ZU.NZ10.,2009,202
ZU.NZ10.,2009,305
ZU.NZ10.,2009,306
ZU.NZ10.,2009,307
ZU.NZ10.,2009,308
ZU.NZ11.,2009,77
ZU.NZ11.,2009,78
ZU.NZ11.,2009,79
ZU.NZ11.,2009,80
ZU.NZ11.,2009,197
ZU.NZ11.,2009,198
ZU.NZ11.,2009,199
ZU.NZ11.,2009,200
ZU.NZ11.,2009,201
ZU.NZ11.,2009,202
ZU.NZ11.,2009,305
ZU.NZ11.,2009,306
ZU.NZ11.,2009,307
ZU.NZ11.,2009,308
ZU.NZ12.,2009,77
ZU.NZ12.,2009,78
ZU.NZ12.,2009,79
ZU.NZ12.,2009,80
ZU.NZ12.,2009,197
ZU.NZ12.,2009,198
ZU.NZ12.,2009,199
ZU.NZ12.,2009,200
ZU.NZ12.,2009,201
ZU.NZ12.,2009,202
ZU.NZ12.,2009,305
ZU.NZ12.,2009,306
ZU.NZ12.,2009,307
ZU.NZ12.,2009,308
ZU.NZ13.,2009,77
ZU.NZ13.,2009,78
ZU.NZ13.,2009,79
ZU.NZ13.,2009,80
ZU.NZ13.,2009,197
ZU.NZ13.,2009,198
ZU.NZ13.,2009,199
ZU.NZ13.,2009,200
ZU.NZ13.,2009,201
ZU.NZ13.,2009,202
ZU.NZ13.,2009,305
ZU.NZ13.,2009,306
ZU.NZ13.,2009,307
ZU.NZ14.,2009,77
ZU.NZ14.,2009,78
ZU.NZ14.,2009,79
ZU.NZ14.,2009,80
ZU.NZ14.,2009,197
ZU.NZ14.,2009,198
ZU.NZ14.,2009,199
ZU.NZ14.,2009,200
ZU.NZ14.,2009,201
ZU.NZ14.,2009,202
ZU.NZ14.,2009,305
ZU.NZ14.,2009,306
ZU.NZ14.,2009,307
ZU.NZ15.,2009,77
ZU.NZ15.,2009,78
ZU.NZ15.,2009,79
ZU.NZ15.,2009,80
ZU.NZ16.,2009,77
ZU.NZ16.,2009,78
ZU.NZ16.,2009,79
ZU.NZ16.,2009,80
ZU.NZ16.,2009,197
ZU.NZ16.,2009,198
ZU.NZ16.,2009,199
ZU.NZ16.,2009,200
ZU.NZ16.,2009,201
ZU.NZ16.,2009,202
ZU.NZ16.,2009,305
ZU.NZ16.,2009,306
ZU.NZ16.,2009,307
ZU.NZ18.,2009,77
ZU.NZ18.,2009,78
ZU.NZ18.,2009,79
ZU.NZ18.,2009,80
ZU.NZ18.,2009,197
ZU.NZ18.,2009,198
ZU.NZ18.,2009,199
ZU.NZ18.,2009,200
ZU.NZ18.,2009,201
ZU.NZ18.,2009,202
ZU.NZ18.,2009,305
ZU.NZ18.,2009,306
ZU.NZ18.,2009,307
ZU.NZ19.,2009,77
ZU.NZ19.,2009,78
ZU.NZ19.,2009,79
ZU.NZ19.,2009,80
ZU.NZ19.,2009,197
ZU.NZ19.,2009,198
ZU.NZ19.,2009,199
ZU.NZ19.,2009,200
ZU.NZ19.,2009,201
ZU.NZ19.,2009,202
ZU.NZ19.,2009,305
ZU.NZ19.,2009,306
ZU.NZ19.,2009,307
ZU.NZ20.,2009,77
ZU.NZ20.,2009,78
ZU.NZ20.,2009,79
ZU.NZ20.,2009,80
ZU.NZ20.,2009,197
ZU.NZ20.,2009,198
ZU.NZ20.,2009,199
ZU.NZ20.,2009,200
ZU.NZ20.,2009,201
ZU.NZ20.,2009,202
ZU.NZ20.,2009,305
ZU.NZ20.,2009,306
ZU.NZ20.,2009,307
ZU.NZ21.,2009,77
ZU.NZ21.,2009,78
ZU.NZ21.,2009,79
ZU.NZ21.,2009,80
ZU.NZ21.,2009,197
ZU.NZ21.,2009,198
ZU.NZ21.,2009,199
ZU.NZ21.,2009,200
ZU.NZ21.,2009,201
ZU.NZ21.,2009,202
ZU.NZ21.,2009,305
ZU.NZ21.,2009,306
ZU.NZ21.,2009,307
ZU.NZ22.,2009,77
ZU.NZ22.,2009,78
ZU.NZ22.,2009,79
ZU.NZ22.,2009,80
ZU.NZ22.,2009,197
ZU.NZ22.,2009,198
ZU.NZ22.,2009,199
ZU.NZ22.,2009,200
ZU.NZ22.,2009,201
ZU.NZ22.,2009,202
ZU.NZ22.,2009,305
ZU.NZ22.,2009,306
ZU.NZ22.,2009,307
ZU.NZ23.,2009,77
ZU.NZ23.,2009,78
ZU.NZ23.,2009,79
ZU.NZ23.,2009,80
ZU.NZ23.,2009,197
ZU.NZ23.,2009,198
ZU.NZ23.,2009,199
ZU.NZ23.,2009,200
ZU.NZ23.,2009,201
ZU.NZ23.,2009,305
ZU.NZ23.,2009,306
ZU.NZ23.,2009,307
ZU.NZ24.,2009,77
ZU.NZ24.,2009,78
ZU.NZ24.,2009,79
ZU.NZ24.,2009,80
ZU.NZ24.,2009,197
ZU.NZ24.,2009,198
ZU.NZ24.,2009,199
ZU.NZ24.,2009,200
ZU.NZ24.,2009,201
ZU.NZ24.,2009,305
ZU.NZ24.,2009,306
ZU.NZ24.,2009,307
ZU.NZ25.,2009,77
ZU.NZ25.,2009,78
ZU.NZ25.,2009,79
ZU.NZ25.,2009,80
ZU.NZ25.,2009,197
ZU.NZ25.,2009,198
ZU.NZ25.,2009,199
ZU.NZ25.,2009,200
ZU.NZ25.,2009,201
ZU.NZ25.,2009,305
ZU.NZ25.,2009,306
ZU.NZ25.,2009,307
ZU.NZ26.,2009,77
ZU.NZ26.,2009,78
ZU.NZ26.,2009,79
ZU.NZ26.,2009,80
ZU.NZ26.,2009,197
ZU.NZ26.,2009,198
ZU.NZ26.,2009,199
ZU.NZ26.,2009,200
ZU.NZ26.,2009,201
ZU.NZ26.,2009,305
ZU.NZ26.,2009,306
ZU.NZ26.,2009,307
ZU.NZ27.,2009,77
ZU.NZ27.,2009,78
ZU.NZ27.,2009,79
ZU.NZ27.,2009,80
ZU.NZ27.,2009,197
ZU.NZ27.,2009,198
ZU.NZ27.,2009,199
ZU.NZ27.,2009,200
ZU.NZ27.,2009,201
ZU.NZ27.,2009,305
ZU.NZ27.,2009,306
ZU.NZ27.,2009,307
ZU.NZ28.,2009,77
ZU.NZ28.,2009,78
ZU.NZ28.,2009,79
ZU.NZ28.,2009,80
ZU.NZ28.,2009,197
ZU.NZ28.,2009,198
ZU.NZ28.,2009,199
ZU.NZ28.,2009,200
ZU.NZ28.,2009,201
ZU.NZ28.,2009,305
ZU.NZ28.,2009,306
ZU.NZ28.,2009,307
ZU.NZ29.,2009,77
ZU.NZ29.,2009,78
ZU.NZ29.,2009,79
ZU.NZ29.,2009,80
ZU.NZ29.,2009,197
ZU.NZ29.,2009,198
ZU.NZ29.,2009,199
ZU.NZ29.,2009,200
ZU.NZ29.,2009,201
ZU.NZ29.,2009,305
ZU.NZ29.,2009,306
ZU.NZ29.,2009,307
ZU.NZ30.,2009,77
ZU.NZ30.,2009,78
ZU.NZ30.,2009,79
ZU.NZ30.,2009,80
ZU.NZ30.,2009,197
ZU.NZ30.,2009,198
ZU.NZ30.,2009,199
ZU.NZ30.,2009,200
ZU.NZ30.,2009,201
ZU.NZ30.,2009,305
ZU.NZ30.,2009,306
ZU.NZ30.,2009,307
